client_id	path	sentence	up_votes	down_votes	age	gender	accent	locale	segment
6f3cdaef649635685d3a90ee62bab981848e6ed6f25f28b9b43c2f3d4ac51b4e42a36ead3b4b83add1e9bd60f0c66f05ecfe7c7c5154b6345a1c2f1c85b32fa8	common_voice_hi_24004901.mp3	जर्मनी चाहता था कि रूस युद्ध से बाहर रहे।	2	0				hi	
3e444b1d4cdc23e8a54c43d1ac3345d6835dbaa76477746b5e5250bce5018392d78fb03ea06a10b718ac956846d3e8010411d57ef75bf8debac74979ebf00f1d	common_voice_hi_23832954.mp3	दरवाज़ा खोलिए।	2	0				hi	
3e444b1d4cdc23e8a54c43d1ac3345d6835dbaa76477746b5e5250bce5018392d78fb03ea06a10b718ac956846d3e8010411d57ef75bf8debac74979ebf00f1d	common_voice_hi_23832956.mp3	मुझे मूर्ख बनना पसंद नहीं है।	2	1				hi	
c3ef3ab4323cf25135e6b13c5baf4f313c3c59fea4cf21337ecb956e033b5b79db26a65c4279f7092dda2c2d1a5175e591e08ba495a247500fe295c3b8cc5327	common_voice_hi_23964612.mp3	आप दोनों देख रही हैं।	2	0	teens	male		hi	
c3ef3ab4323cf25135e6b13c5baf4f313c3c59fea4cf21337ecb956e033b5b79db26a65c4279f7092dda2c2d1a5175e591e08ba495a247500fe295c3b8cc5327	common_voice_hi_23964614.mp3	यह रही तेरी चाय।	2	0	teens	male		hi	
80df1054d490d23f8c2523fa0495d60f3cc205e34e95d436f6c923158601404372c2ddea0d8239b414c6a6e342198453e814db3f980e01b97817acc51ea7adc4	common_voice_hi_24016297.mp3	दिल्ली-एनसीआर में सुहावने मौसम के बीच ट्रैफिक जाम बना लोगों के लिए मुसीबत	2	0	fourties	male		hi	
80df1054d490d23f8c2523fa0495d60f3cc205e34e95d436f6c923158601404372c2ddea0d8239b414c6a6e342198453e814db3f980e01b97817acc51ea7adc4	common_voice_hi_24016299.mp3	महिलाओं के लिये स्ट्रिप क्लब है।	2	0	fourties	male		hi	
80df1054d490d23f8c2523fa0495d60f3cc205e34e95d436f6c923158601404372c2ddea0d8239b414c6a6e342198453e814db3f980e01b97817acc51ea7adc4	common_voice_hi_24016300.mp3	बरसों तक जिसे खून समझती रही दुनिया, बाद में वो निकला गर्म पानी	2	0	fourties	male		hi	
ae0a0fe60554522906f5f10d702870d8b639c50f99a9ba0d357814bdce5f39421c6e2ac11f10a3e1b2d1bc606b887b6fc12d2b50fa34afe36a725b6191d5ab4b	common_voice_hi_23809919.mp3	आतंकवादी लखनऊ को भी दे सकते हैं पठानकोट जैसा घाव!	2	0	fourties	female		hi	
ae0a0fe60554522906f5f10d702870d8b639c50f99a9ba0d357814bdce5f39421c6e2ac11f10a3e1b2d1bc606b887b6fc12d2b50fa34afe36a725b6191d5ab4b	common_voice_hi_23809924.mp3	मुझे अपने पिता की ग़रीबी पर शर्म नहीं आती है।	2	0	fourties	female		hi	
ae0a0fe60554522906f5f10d702870d8b639c50f99a9ba0d357814bdce5f39421c6e2ac11f10a3e1b2d1bc606b887b6fc12d2b50fa34afe36a725b6191d5ab4b	common_voice_hi_23809931.mp3	तुम गाड़ी चला सकते हो क्या?	2	1	fourties	female		hi	
0a073b2441b86a13d80728f1a14413d473c4091d1053a3a53982f2c2698abb2a31f35efaefaad9b678d4cf8b27aecc058d4f664d005474a90b8af287ff58c303	common_voice_hi_23849284.mp3	ईटिकट कारोबार में आईआरसीटीसी को मिल सकती है चुनौती	2	0				hi	
0a073b2441b86a13d80728f1a14413d473c4091d1053a3a53982f2c2698abb2a31f35efaefaad9b678d4cf8b27aecc058d4f664d005474a90b8af287ff58c303	common_voice_hi_23849286.mp3	वह रोया और और रोया।	2	0				hi	
0a073b2441b86a13d80728f1a14413d473c4091d1053a3a53982f2c2698abb2a31f35efaefaad9b678d4cf8b27aecc058d4f664d005474a90b8af287ff58c303	common_voice_hi_23849287.mp3	सब लोग मुझपर हँसे।	2	1				hi	
0a073b2441b86a13d80728f1a14413d473c4091d1053a3a53982f2c2698abb2a31f35efaefaad9b678d4cf8b27aecc058d4f664d005474a90b8af287ff58c303	common_voice_hi_23849288.mp3	वनडे से बेहतर टेस्ट क्रिकेटर है कोहली: कोच	2	0				hi	
4f7f65a3c1d0ad3bc8c1b1b9d1f99a33e4785aac4a57bf5803876af5b7bd8c4d96f9ce70fa5d287f0aa26fa4aa86e8572fa595a5554dc71ae32d82496237da62	common_voice_hi_23827473.mp3	यह कुर्सी आपकी है।	2	0	twenties	male		hi	
4f7f65a3c1d0ad3bc8c1b1b9d1f99a33e4785aac4a57bf5803876af5b7bd8c4d96f9ce70fa5d287f0aa26fa4aa86e8572fa595a5554dc71ae32d82496237da62	common_voice_hi_23827474.mp3	मैं अभी छोड़ने वाली नहीं हूँ।	2	0	twenties	male		hi	
4f7f65a3c1d0ad3bc8c1b1b9d1f99a33e4785aac4a57bf5803876af5b7bd8c4d96f9ce70fa5d287f0aa26fa4aa86e8572fa595a5554dc71ae32d82496237da62	common_voice_hi_23827476.mp3	चाय-वाय कुछ लोगी?	2	0	twenties	male		hi	
4f7f65a3c1d0ad3bc8c1b1b9d1f99a33e4785aac4a57bf5803876af5b7bd8c4d96f9ce70fa5d287f0aa26fa4aa86e8572fa595a5554dc71ae32d82496237da62	common_voice_hi_23827477.mp3	उसका कहा हुआ एक शब्द भी सुनने लायक नहीं है।	2	0	twenties	male		hi	
dbe55388d2e8bae8e64412f527e29fa3691a1c13adcaa6b80313b3e475d2df28d0428a6151d9cd42018d943718c830d69a80c5bf8a6a88200e4c6ba36ad6a748	common_voice_hi_23852746.mp3	टॉम को क्या हुआ है?	2	0	twenties	male		hi	
dbe55388d2e8bae8e64412f527e29fa3691a1c13adcaa6b80313b3e475d2df28d0428a6151d9cd42018d943718c830d69a80c5bf8a6a88200e4c6ba36ad6a748	common_voice_hi_23852747.mp3	शनिवार हफ़्ते का आखिरी दिन होता है।	2	0	twenties	male		hi	
dbe55388d2e8bae8e64412f527e29fa3691a1c13adcaa6b80313b3e475d2df28d0428a6151d9cd42018d943718c830d69a80c5bf8a6a88200e4c6ba36ad6a748	common_voice_hi_23852749.mp3	मेरा शौक गिटार बजाना है।	2	0	twenties	male		hi	
dbe55388d2e8bae8e64412f527e29fa3691a1c13adcaa6b80313b3e475d2df28d0428a6151d9cd42018d943718c830d69a80c5bf8a6a88200e4c6ba36ad6a748	common_voice_hi_23852750.mp3	टॉम अभी भी स्कूल में है?	2	1	twenties	male		hi	
64fcf403ddfb930184eae9b9ad9fbb9a712ebab06fdb5e7dbe7621dcd2cd5101f593c37e8e254ff38294b6dcc8bec4808c197c2d7599c0c4126045b1ac9b51d0	common_voice_hi_23834324.mp3	चाय-वाय कुछ लेंगे आप?	2	0				hi	
64fcf403ddfb930184eae9b9ad9fbb9a712ebab06fdb5e7dbe7621dcd2cd5101f593c37e8e254ff38294b6dcc8bec4808c197c2d7599c0c4126045b1ac9b51d0	common_voice_hi_23834325.mp3	उसका दिल साफ़ है।	2	0				hi	
64fcf403ddfb930184eae9b9ad9fbb9a712ebab06fdb5e7dbe7621dcd2cd5101f593c37e8e254ff38294b6dcc8bec4808c197c2d7599c0c4126045b1ac9b51d0	common_voice_hi_23834326.mp3	महिलाएँ दुनिया बदल देती हैं।	2	0				hi	
64fcf403ddfb930184eae9b9ad9fbb9a712ebab06fdb5e7dbe7621dcd2cd5101f593c37e8e254ff38294b6dcc8bec4808c197c2d7599c0c4126045b1ac9b51d0	common_voice_hi_23834327.mp3	नृत्य हर एक संस्कृति का एक सुंदर भाग होता है।	2	0				hi	
64fcf403ddfb930184eae9b9ad9fbb9a712ebab06fdb5e7dbe7621dcd2cd5101f593c37e8e254ff38294b6dcc8bec4808c197c2d7599c0c4126045b1ac9b51d0	common_voice_hi_23834328.mp3	मुझे अंग्रेज़ी और संगीत पसंद हैं।	2	0				hi	
ac38b13197dccd9b8389b7ea08fa62f18a0ad7549e1dcb0ac6d9a05f3c3cf0e1a38c50b32020c420310616620b70345d1c7ec60431e9af8f1dd471d271dd2c81	common_voice_hi_23901985.mp3	मुझे बस उसका नाम बता।	2	0				hi	
ac38b13197dccd9b8389b7ea08fa62f18a0ad7549e1dcb0ac6d9a05f3c3cf0e1a38c50b32020c420310616620b70345d1c7ec60431e9af8f1dd471d271dd2c81	common_voice_hi_23901986.mp3	वह सेव सड़ने लगा है।	2	0				hi	
ac38b13197dccd9b8389b7ea08fa62f18a0ad7549e1dcb0ac6d9a05f3c3cf0e1a38c50b32020c420310616620b70345d1c7ec60431e9af8f1dd471d271dd2c81	common_voice_hi_23901987.mp3	वह दस साल का लड़का था।	2	0				hi	
ac38b13197dccd9b8389b7ea08fa62f18a0ad7549e1dcb0ac6d9a05f3c3cf0e1a38c50b32020c420310616620b70345d1c7ec60431e9af8f1dd471d271dd2c81	common_voice_hi_23901988.mp3	मेरे लिए थोड़ी जगह बनाओगे क्या?	2	0				hi	
ac38b13197dccd9b8389b7ea08fa62f18a0ad7549e1dcb0ac6d9a05f3c3cf0e1a38c50b32020c420310616620b70345d1c7ec60431e9af8f1dd471d271dd2c81	common_voice_hi_23901989.mp3	टॉम को कुछ पिलाओ।	2	0				hi	
ef72dad515c406393c07ffac9b57e6cd1e83073c82a001d49ea19a30fd9976d0d50d4c5cffcfdbec8ea222c152695775d85c227194f2e56516531e1c8e76ff70	common_voice_hi_23936419.mp3	"'कुछ कुछ लोचा है' में सनी लियोन का बिकिनी लुक"	2	1				hi	
ef72dad515c406393c07ffac9b57e6cd1e83073c82a001d49ea19a30fd9976d0d50d4c5cffcfdbec8ea222c152695775d85c227194f2e56516531e1c8e76ff70	common_voice_hi_23936421.mp3	यह रही आपकी चाबी।	2	0				hi	
ef72dad515c406393c07ffac9b57e6cd1e83073c82a001d49ea19a30fd9976d0d50d4c5cffcfdbec8ea222c152695775d85c227194f2e56516531e1c8e76ff70	common_voice_hi_23936422.mp3	टॉम ने आकाश की तरफ देखा।	2	0				hi	
ef72dad515c406393c07ffac9b57e6cd1e83073c82a001d49ea19a30fd9976d0d50d4c5cffcfdbec8ea222c152695775d85c227194f2e56516531e1c8e76ff70	common_voice_hi_23936423.mp3	मैं शहर का नक्शा खरीदना चाहता हूँ।	2	0				hi	
ef72dad515c406393c07ffac9b57e6cd1e83073c82a001d49ea19a30fd9976d0d50d4c5cffcfdbec8ea222c152695775d85c227194f2e56516531e1c8e76ff70	common_voice_hi_23936424.mp3	मेरी छड़ी कहाँ है?	2	0				hi	
f8c05fcdb50a537ce73d8e72c60b569d19a31b8e0792bf6ea46d66c769fb708c0087e260a59f3e48f8272304ee14cb57fecdf53a2873f5d72ca5a3378a149caa	common_voice_hi_23937109.mp3	इस वजह से हुआ दावत-ए-इश्क की रिलीज में फेरबदल	2	1				hi	
f8c05fcdb50a537ce73d8e72c60b569d19a31b8e0792bf6ea46d66c769fb708c0087e260a59f3e48f8272304ee14cb57fecdf53a2873f5d72ca5a3378a149caa	common_voice_hi_23937110.mp3	उस संस्कृति में लोग रंग-बिरंगी कपड़े पहनते हैं।	2	0				hi	
f8c05fcdb50a537ce73d8e72c60b569d19a31b8e0792bf6ea46d66c769fb708c0087e260a59f3e48f8272304ee14cb57fecdf53a2873f5d72ca5a3378a149caa	common_voice_hi_23937111.mp3	यह सशक्त लोकपाल नहीं हैः लालू यादव	2	0				hi	
f8c05fcdb50a537ce73d8e72c60b569d19a31b8e0792bf6ea46d66c769fb708c0087e260a59f3e48f8272304ee14cb57fecdf53a2873f5d72ca5a3378a149caa	common_voice_hi_23937112.mp3	इसलिए क्योंकि तुम लड़की हो।	2	0				hi	
f8c05fcdb50a537ce73d8e72c60b569d19a31b8e0792bf6ea46d66c769fb708c0087e260a59f3e48f8272304ee14cb57fecdf53a2873f5d72ca5a3378a149caa	common_voice_hi_23937113.mp3	"कौन बनेगी एमएस धोनी की 'वाइफ', आलिया भट्ट या श्रद्धा कपूर?"	2	0				hi	
b9854a362f9f2796f98c3105310553f5d5b1d2aea5f247080a0d9ab5d329ac51e5e519bad74bd68b022867bb103a42741c9523a32ce80c3a4ac8ed64c4bde957	common_voice_hi_23833315.mp3	हम एक फ़िल्म देख रहे हैं।	2	1				hi	
b9854a362f9f2796f98c3105310553f5d5b1d2aea5f247080a0d9ab5d329ac51e5e519bad74bd68b022867bb103a42741c9523a32ce80c3a4ac8ed64c4bde957	common_voice_hi_23833316.mp3	बोतल छोड़ दो।	2	0				hi	
b9854a362f9f2796f98c3105310553f5d5b1d2aea5f247080a0d9ab5d329ac51e5e519bad74bd68b022867bb103a42741c9523a32ce80c3a4ac8ed64c4bde957	common_voice_hi_23833317.mp3	मुझे एक कप चाय चाहिए।	2	0				hi	
b9854a362f9f2796f98c3105310553f5d5b1d2aea5f247080a0d9ab5d329ac51e5e519bad74bd68b022867bb103a42741c9523a32ce80c3a4ac8ed64c4bde957	common_voice_hi_23833318.mp3	हमें नहीं पता हम कहाँ हैं।	2	0				hi	
b9854a362f9f2796f98c3105310553f5d5b1d2aea5f247080a0d9ab5d329ac51e5e519bad74bd68b022867bb103a42741c9523a32ce80c3a4ac8ed64c4bde957	common_voice_hi_23833319.mp3	पाकिस्तान में आतंकी हाफिज सईद के बेटे पर भी आतंकवादी हमले का खतरा	2	0				hi	
b9854a362f9f2796f98c3105310553f5d5b1d2aea5f247080a0d9ab5d329ac51e5e519bad74bd68b022867bb103a42741c9523a32ce80c3a4ac8ed64c4bde957	common_voice_hi_23833327.mp3	मुलायम के आशीर्वाद पर अखिलेश बोले- नेताजी जिंदाबाद, शिवपाल नदारद	2	1				hi	
b9854a362f9f2796f98c3105310553f5d5b1d2aea5f247080a0d9ab5d329ac51e5e519bad74bd68b022867bb103a42741c9523a32ce80c3a4ac8ed64c4bde957	common_voice_hi_23833328.mp3	मैं स्कुल जाना नहीं चाहता हूँ।	2	0				hi	
b9854a362f9f2796f98c3105310553f5d5b1d2aea5f247080a0d9ab5d329ac51e5e519bad74bd68b022867bb103a42741c9523a32ce80c3a4ac8ed64c4bde957	common_voice_hi_23833329.mp3	आम चुनावों के लिए कांग्रेस सतर्क, जाट आरक्षण से फिर वोट बटोरेगी कांग्रेस	2	0				hi	
b9854a362f9f2796f98c3105310553f5d5b1d2aea5f247080a0d9ab5d329ac51e5e519bad74bd68b022867bb103a42741c9523a32ce80c3a4ac8ed64c4bde957	common_voice_hi_23833331.mp3	उसने प्रतियोगिता फिरसे जीत ली।	2	0				hi	
b9854a362f9f2796f98c3105310553f5d5b1d2aea5f247080a0d9ab5d329ac51e5e519bad74bd68b022867bb103a42741c9523a32ce80c3a4ac8ed64c4bde957	common_voice_hi_23833333.mp3	किसी ने मेरी पतंग काट ली है।	2	0				hi	
b9854a362f9f2796f98c3105310553f5d5b1d2aea5f247080a0d9ab5d329ac51e5e519bad74bd68b022867bb103a42741c9523a32ce80c3a4ac8ed64c4bde957	common_voice_hi_23833334.mp3	हम सब टॉम को जानते हैं।	2	0				hi	
5b3872837902e6d95327320c254ce8cc9e7b69e3ad4e2e54f93009f6f44af95a3b2bd03dd9504518ddea0ce1bb0793458ea03d00ccd3c918aba1a0a91476da99	common_voice_hi_23809699.mp3	लुई, तुम्हारे दोस्त आ रहे हैं।	2	0	twenties	male		hi	
5b3872837902e6d95327320c254ce8cc9e7b69e3ad4e2e54f93009f6f44af95a3b2bd03dd9504518ddea0ce1bb0793458ea03d00ccd3c918aba1a0a91476da99	common_voice_hi_23809700.mp3	लगता है मुझे सहायता की आवश्यकता है।	2	0	twenties	male		hi	
5b3872837902e6d95327320c254ce8cc9e7b69e3ad4e2e54f93009f6f44af95a3b2bd03dd9504518ddea0ce1bb0793458ea03d00ccd3c918aba1a0a91476da99	common_voice_hi_23809701.mp3	उसने मुझे चिट्ठी का जवाब न देने के लिए डाँटा।	2	0	twenties	male		hi	
5b3872837902e6d95327320c254ce8cc9e7b69e3ad4e2e54f93009f6f44af95a3b2bd03dd9504518ddea0ce1bb0793458ea03d00ccd3c918aba1a0a91476da99	common_voice_hi_23809702.mp3	यहाँ आसपास में एक झोपड़ी हुआ करती थी।	2	0	twenties	male		hi	
5b3872837902e6d95327320c254ce8cc9e7b69e3ad4e2e54f93009f6f44af95a3b2bd03dd9504518ddea0ce1bb0793458ea03d00ccd3c918aba1a0a91476da99	common_voice_hi_23809709.mp3	गर्भवती ने बुरका क्या पहाना, भड़क गया दंगा	2	0	twenties	male		hi	
5b3872837902e6d95327320c254ce8cc9e7b69e3ad4e2e54f93009f6f44af95a3b2bd03dd9504518ddea0ce1bb0793458ea03d00ccd3c918aba1a0a91476da99	common_voice_hi_23809710.mp3	बच्चे बगीचे में खेल रहे हैं।	2	1	twenties	male		hi	
5b3872837902e6d95327320c254ce8cc9e7b69e3ad4e2e54f93009f6f44af95a3b2bd03dd9504518ddea0ce1bb0793458ea03d00ccd3c918aba1a0a91476da99	common_voice_hi_23809711.mp3	इस द्वीप पर बहुत कम लोग रहते हैं।	2	0	twenties	male		hi	
5b3872837902e6d95327320c254ce8cc9e7b69e3ad4e2e54f93009f6f44af95a3b2bd03dd9504518ddea0ce1bb0793458ea03d00ccd3c918aba1a0a91476da99	common_voice_hi_23809713.mp3	तुम्हें थोड़ा ज़्यादा समझदार होना चाहिए।	2	0	twenties	male		hi	
5b3872837902e6d95327320c254ce8cc9e7b69e3ad4e2e54f93009f6f44af95a3b2bd03dd9504518ddea0ce1bb0793458ea03d00ccd3c918aba1a0a91476da99	common_voice_hi_23809719.mp3	तुम यहाँ सारे के सारे पेड़ काट डालोगे क्या?	2	0	twenties	male		hi	
5b3872837902e6d95327320c254ce8cc9e7b69e3ad4e2e54f93009f6f44af95a3b2bd03dd9504518ddea0ce1bb0793458ea03d00ccd3c918aba1a0a91476da99	common_voice_hi_23809720.mp3	वह मुझपर गुस्सा हो गया।	2	0	twenties	male		hi	
5b3872837902e6d95327320c254ce8cc9e7b69e3ad4e2e54f93009f6f44af95a3b2bd03dd9504518ddea0ce1bb0793458ea03d00ccd3c918aba1a0a91476da99	common_voice_hi_23809721.mp3	उत्तर प्रदेश में चल रहे नौ फर्जी विश्वविद्यालयों की जांच एसआईटी को	2	0	twenties	male		hi	
5b3872837902e6d95327320c254ce8cc9e7b69e3ad4e2e54f93009f6f44af95a3b2bd03dd9504518ddea0ce1bb0793458ea03d00ccd3c918aba1a0a91476da99	common_voice_hi_23809722.mp3	काला रंग तुम पर जँचता है।	2	0	twenties	male		hi	
5b3872837902e6d95327320c254ce8cc9e7b69e3ad4e2e54f93009f6f44af95a3b2bd03dd9504518ddea0ce1bb0793458ea03d00ccd3c918aba1a0a91476da99	common_voice_hi_23809723.mp3	वह शादीशुदा नहीं है।	2	0	twenties	male		hi	
984398a9ba94c5ce43b621c6fee2c6092d5ea3632e0b605bf206a5ae59eba42401dbc36603073eec2117374293d2675a9847d91f1c71deeeeee7c5202840a1ea	common_voice_hi_23824449.mp3	तुम अंधेरे में क्यों बैठी हो?	2	1	fourties	male		hi	
984398a9ba94c5ce43b621c6fee2c6092d5ea3632e0b605bf206a5ae59eba42401dbc36603073eec2117374293d2675a9847d91f1c71deeeeee7c5202840a1ea	common_voice_hi_23824450.mp3	वह मुझसे दो साल छोटी है।	2	1	fourties	male		hi	
984398a9ba94c5ce43b621c6fee2c6092d5ea3632e0b605bf206a5ae59eba42401dbc36603073eec2117374293d2675a9847d91f1c71deeeeee7c5202840a1ea	common_voice_hi_23824451.mp3	मेरी नज़र इन दिनों कमज़ोर हो रही है।	2	1	fourties	male		hi	
984398a9ba94c5ce43b621c6fee2c6092d5ea3632e0b605bf206a5ae59eba42401dbc36603073eec2117374293d2675a9847d91f1c71deeeeee7c5202840a1ea	common_voice_hi_23824452.mp3	वह तीन घंटों में वापस आएगा।	2	1	fourties	male		hi	
984398a9ba94c5ce43b621c6fee2c6092d5ea3632e0b605bf206a5ae59eba42401dbc36603073eec2117374293d2675a9847d91f1c71deeeeee7c5202840a1ea	common_voice_hi_23824453.mp3	वे पाँच बजे चाय पीतीं हैं।	2	0	fourties	male		hi	
984398a9ba94c5ce43b621c6fee2c6092d5ea3632e0b605bf206a5ae59eba42401dbc36603073eec2117374293d2675a9847d91f1c71deeeeee7c5202840a1ea	common_voice_hi_23824456.mp3	महाराष्ट्र पब्लिक सर्विस कमीशन में वैकेंसी	2	0	fourties	male		hi	
984398a9ba94c5ce43b621c6fee2c6092d5ea3632e0b605bf206a5ae59eba42401dbc36603073eec2117374293d2675a9847d91f1c71deeeeee7c5202840a1ea	common_voice_hi_23824458.mp3	उसने सब कुछ अपने-आप किया।	2	0	fourties	male		hi	
984398a9ba94c5ce43b621c6fee2c6092d5ea3632e0b605bf206a5ae59eba42401dbc36603073eec2117374293d2675a9847d91f1c71deeeeee7c5202840a1ea	common_voice_hi_23824459.mp3	दुनिया बदल गई है।	2	0	fourties	male		hi	
984398a9ba94c5ce43b621c6fee2c6092d5ea3632e0b605bf206a5ae59eba42401dbc36603073eec2117374293d2675a9847d91f1c71deeeeee7c5202840a1ea	common_voice_hi_23824460.mp3	यह आपका फ़ैसला नहीं है।	2	0	fourties	male		hi	
984398a9ba94c5ce43b621c6fee2c6092d5ea3632e0b605bf206a5ae59eba42401dbc36603073eec2117374293d2675a9847d91f1c71deeeeee7c5202840a1ea	common_voice_hi_23824468.mp3	मैं सीरिया से हूँ।	2	0	fourties	male		hi	
984398a9ba94c5ce43b621c6fee2c6092d5ea3632e0b605bf206a5ae59eba42401dbc36603073eec2117374293d2675a9847d91f1c71deeeeee7c5202840a1ea	common_voice_hi_23824470.mp3	हम अंदर आ रहे हैं।	2	0	fourties	male		hi	
984398a9ba94c5ce43b621c6fee2c6092d5ea3632e0b605bf206a5ae59eba42401dbc36603073eec2117374293d2675a9847d91f1c71deeeeee7c5202840a1ea	common_voice_hi_23824471.mp3	आप किसके साथ खा रहीं हैं?	2	0	fourties	male		hi	
984398a9ba94c5ce43b621c6fee2c6092d5ea3632e0b605bf206a5ae59eba42401dbc36603073eec2117374293d2675a9847d91f1c71deeeeee7c5202840a1ea	common_voice_hi_23824473.mp3	वह बहुत पैसेवाली औरत है।	2	0	fourties	male		hi	
79741f3153a904c0ddeb1d81d69b137d61adb2a3f1c8ea30fd32a88a4f7028bbb73f1515f3cac14ad147b8c1845846d96d9333173f71677d207b7ff1357a37c5	common_voice_hi_23833600.mp3	आफ़्रिका में कई शेर हैं।	2	0				hi	
79741f3153a904c0ddeb1d81d69b137d61adb2a3f1c8ea30fd32a88a4f7028bbb73f1515f3cac14ad147b8c1845846d96d9333173f71677d207b7ff1357a37c5	common_voice_hi_23833601.mp3	आज के युवाओं को नहीं मालूम पहले विश्वयुद्ध की तारीखें	2	0				hi	
79741f3153a904c0ddeb1d81d69b137d61adb2a3f1c8ea30fd32a88a4f7028bbb73f1515f3cac14ad147b8c1845846d96d9333173f71677d207b7ff1357a37c5	common_voice_hi_23833602.mp3	मुम्बई भारतीय राज्य महाराष्ट्र की राजधानी है।	2	1				hi	
79741f3153a904c0ddeb1d81d69b137d61adb2a3f1c8ea30fd32a88a4f7028bbb73f1515f3cac14ad147b8c1845846d96d9333173f71677d207b7ff1357a37c5	common_voice_hi_23833603.mp3	उसने मुझे वह नियम समझाया।	2	0				hi	
79741f3153a904c0ddeb1d81d69b137d61adb2a3f1c8ea30fd32a88a4f7028bbb73f1515f3cac14ad147b8c1845846d96d9333173f71677d207b7ff1357a37c5	common_voice_hi_23833604.mp3	मेरे पापा आमतौर पर छः बजे घर लौटकर आते हैं।	2	0				hi	
79741f3153a904c0ddeb1d81d69b137d61adb2a3f1c8ea30fd32a88a4f7028bbb73f1515f3cac14ad147b8c1845846d96d9333173f71677d207b7ff1357a37c5	common_voice_hi_23833605.mp3	सेंसेक्स और निफ्टी भारी गिरावट के साथ बंद	2	1				hi	
79741f3153a904c0ddeb1d81d69b137d61adb2a3f1c8ea30fd32a88a4f7028bbb73f1515f3cac14ad147b8c1845846d96d9333173f71677d207b7ff1357a37c5	common_voice_hi_23833606.mp3	तूफ़ान ने पूरे नगर को नष्ट कर दिया।	2	0				hi	
79741f3153a904c0ddeb1d81d69b137d61adb2a3f1c8ea30fd32a88a4f7028bbb73f1515f3cac14ad147b8c1845846d96d9333173f71677d207b7ff1357a37c5	common_voice_hi_23833607.mp3	हम तो बस दोस्त है।	2	0				hi	
79741f3153a904c0ddeb1d81d69b137d61adb2a3f1c8ea30fd32a88a4f7028bbb73f1515f3cac14ad147b8c1845846d96d9333173f71677d207b7ff1357a37c5	common_voice_hi_23833608.mp3	हमारी मीटिंग कभी-कभार ही टाईम पर शुरू होती है।	2	1				hi	
79741f3153a904c0ddeb1d81d69b137d61adb2a3f1c8ea30fd32a88a4f7028bbb73f1515f3cac14ad147b8c1845846d96d9333173f71677d207b7ff1357a37c5	common_voice_hi_23833609.mp3	वारियर्स ने विक्टोरिया को हराकर दूसरी जीत दर्ज की	2	0				hi	
79741f3153a904c0ddeb1d81d69b137d61adb2a3f1c8ea30fd32a88a4f7028bbb73f1515f3cac14ad147b8c1845846d96d9333173f71677d207b7ff1357a37c5	common_voice_hi_23833610.mp3	अंबेडकर यूनिवर्सिटी शुरू करेगी ऑनलाइन कोर्स	2	0				hi	
79741f3153a904c0ddeb1d81d69b137d61adb2a3f1c8ea30fd32a88a4f7028bbb73f1515f3cac14ad147b8c1845846d96d9333173f71677d207b7ff1357a37c5	common_voice_hi_23833611.mp3	विपक्ष का वार, केजरीवाल जैसी नौटंकी पर उतरे शिवराज	2	0				hi	
79741f3153a904c0ddeb1d81d69b137d61adb2a3f1c8ea30fd32a88a4f7028bbb73f1515f3cac14ad147b8c1845846d96d9333173f71677d207b7ff1357a37c5	common_voice_hi_23833612.mp3	वह वहाँ जाने से डरता था।	2	1				hi	
79741f3153a904c0ddeb1d81d69b137d61adb2a3f1c8ea30fd32a88a4f7028bbb73f1515f3cac14ad147b8c1845846d96d9333173f71677d207b7ff1357a37c5	common_voice_hi_23833613.mp3	वाराणसी हिंसा: कांग्रेस विधायक अजय राय गिरफ्तार	2	0				hi	
79741f3153a904c0ddeb1d81d69b137d61adb2a3f1c8ea30fd32a88a4f7028bbb73f1515f3cac14ad147b8c1845846d96d9333173f71677d207b7ff1357a37c5	common_voice_hi_23833614.mp3	मुझे पता है कि, तुम अभी भी मेरे लिए आंसू बहाते हो कभी कभी।	2	0				hi	
b3a9d00791dae63b944756627fdb96c21c53f4d69beef3a56780607d83e56d0a6faf52d5d704c925bb323f8b2c9a168a87c2cd94fcc3d3abf6b034c9e7f5cd77	common_voice_hi_23937537.mp3	गुवाहाटी हाईकोर्ट में वैकेंसी	2	0				hi	
b3a9d00791dae63b944756627fdb96c21c53f4d69beef3a56780607d83e56d0a6faf52d5d704c925bb323f8b2c9a168a87c2cd94fcc3d3abf6b034c9e7f5cd77	common_voice_hi_23937538.mp3	बेकरी कहाँ है?	2	0				hi	
b3a9d00791dae63b944756627fdb96c21c53f4d69beef3a56780607d83e56d0a6faf52d5d704c925bb323f8b2c9a168a87c2cd94fcc3d3abf6b034c9e7f5cd77	common_voice_hi_23937540.mp3	पहली बार...कैबिनेट विस्तार, पर्रिकर और सुरेश प्रभु होंगे मंत्रिमंडल में शामिल	2	1				hi	
b3a9d00791dae63b944756627fdb96c21c53f4d69beef3a56780607d83e56d0a6faf52d5d704c925bb323f8b2c9a168a87c2cd94fcc3d3abf6b034c9e7f5cd77	common_voice_hi_23937551.mp3	मुंबई में एक बार फिर होगी आफत की बारिश, अगले दो दिन का अलर्ट	2	0				hi	
b3a9d00791dae63b944756627fdb96c21c53f4d69beef3a56780607d83e56d0a6faf52d5d704c925bb323f8b2c9a168a87c2cd94fcc3d3abf6b034c9e7f5cd77	common_voice_hi_23937552.mp3	वह मेरी बात नहीं सुनेगा।	2	0				hi	
b3a9d00791dae63b944756627fdb96c21c53f4d69beef3a56780607d83e56d0a6faf52d5d704c925bb323f8b2c9a168a87c2cd94fcc3d3abf6b034c9e7f5cd77	common_voice_hi_23937555.mp3	मैं इस शोर को और बर्दाश्त नहीं कर सकती।	2	0				hi	
b3a9d00791dae63b944756627fdb96c21c53f4d69beef3a56780607d83e56d0a6faf52d5d704c925bb323f8b2c9a168a87c2cd94fcc3d3abf6b034c9e7f5cd77	common_voice_hi_23937561.mp3	इससे मेरे कोई लेना-देना नहीं है।	2	0	thirties	male		hi	
b3a9d00791dae63b944756627fdb96c21c53f4d69beef3a56780607d83e56d0a6faf52d5d704c925bb323f8b2c9a168a87c2cd94fcc3d3abf6b034c9e7f5cd77	common_voice_hi_23937562.mp3	तुम मरोगे।	2	0	thirties	male		hi	
b3a9d00791dae63b944756627fdb96c21c53f4d69beef3a56780607d83e56d0a6faf52d5d704c925bb323f8b2c9a168a87c2cd94fcc3d3abf6b034c9e7f5cd77	common_voice_hi_23937565.mp3	मैं इस ज़िन्दगी को जीकर थक गया हूँ।	2	0	thirties	male		hi	
b3a9d00791dae63b944756627fdb96c21c53f4d69beef3a56780607d83e56d0a6faf52d5d704c925bb323f8b2c9a168a87c2cd94fcc3d3abf6b034c9e7f5cd77	common_voice_hi_23937567.mp3	बाद में मिलेंगे।	2	0	thirties	male		hi	
b3a9d00791dae63b944756627fdb96c21c53f4d69beef3a56780607d83e56d0a6faf52d5d704c925bb323f8b2c9a168a87c2cd94fcc3d3abf6b034c9e7f5cd77	common_voice_hi_23937568.mp3	दुकान आज खुली नहीं है।	2	0	thirties	male		hi	
b3a9d00791dae63b944756627fdb96c21c53f4d69beef3a56780607d83e56d0a6faf52d5d704c925bb323f8b2c9a168a87c2cd94fcc3d3abf6b034c9e7f5cd77	common_voice_hi_23937570.mp3	वह कौनसी चिड़िया है?	2	1	thirties	male		hi	
b3a9d00791dae63b944756627fdb96c21c53f4d69beef3a56780607d83e56d0a6faf52d5d704c925bb323f8b2c9a168a87c2cd94fcc3d3abf6b034c9e7f5cd77	common_voice_hi_23937574.mp3	गुजरात में अमित शाह की गाड़ी के ऊपर पाटीदारों ने फेंके अंडे	2	1	thirties	male		hi	
b3a9d00791dae63b944756627fdb96c21c53f4d69beef3a56780607d83e56d0a6faf52d5d704c925bb323f8b2c9a168a87c2cd94fcc3d3abf6b034c9e7f5cd77	common_voice_hi_23937576.mp3	पेट्रोल के दामों में वृद्धि से ममता नाखुश	2	0	thirties	male		hi	
b3a9d00791dae63b944756627fdb96c21c53f4d69beef3a56780607d83e56d0a6faf52d5d704c925bb323f8b2c9a168a87c2cd94fcc3d3abf6b034c9e7f5cd77	common_voice_hi_23937580.mp3	टॉम स्वार्थी था।	2	0	thirties	male		hi	
f1b62e5d3473776b945ef79fbad0a46a621fb136b143d7aeb75a7cb854ebe0807524eee04fe8d83b3311152dad97e341e18ed5b8981b3cf322fec4e0700894bb	common_voice_hi_23795358.mp3	"कांस्टेबल बन मनोज बाजपेयी दिखा रहे हैं 'तांडव'"	2	0	twenties	male		hi	
f1b62e5d3473776b945ef79fbad0a46a621fb136b143d7aeb75a7cb854ebe0807524eee04fe8d83b3311152dad97e341e18ed5b8981b3cf322fec4e0700894bb	common_voice_hi_23795360.mp3	वह चाय पी रहा है।	2	0	twenties	male		hi	
f1b62e5d3473776b945ef79fbad0a46a621fb136b143d7aeb75a7cb854ebe0807524eee04fe8d83b3311152dad97e341e18ed5b8981b3cf322fec4e0700894bb	common_voice_hi_23795361.mp3	अब मच्छरों को मारेंगे मच्छर...	2	0	twenties	male		hi	
f1b62e5d3473776b945ef79fbad0a46a621fb136b143d7aeb75a7cb854ebe0807524eee04fe8d83b3311152dad97e341e18ed5b8981b3cf322fec4e0700894bb	common_voice_hi_23795362.mp3	जैक मुझसे तीन साल बड़ा है।	2	0	twenties	male		hi	
f1b62e5d3473776b945ef79fbad0a46a621fb136b143d7aeb75a7cb854ebe0807524eee04fe8d83b3311152dad97e341e18ed5b8981b3cf322fec4e0700894bb	common_voice_hi_23796043.mp3	एक पागल इनसान को अपने किये-धरे के लिए ज़िम्मेदार नहीं ठहराया जा सकता।	2	0	twenties	male		hi	
f1b62e5d3473776b945ef79fbad0a46a621fb136b143d7aeb75a7cb854ebe0807524eee04fe8d83b3311152dad97e341e18ed5b8981b3cf322fec4e0700894bb	common_voice_hi_23796044.mp3	कौन ज़्यादा तेज़ भागता है, केन या टोनी?	2	0	twenties	male		hi	
f1b62e5d3473776b945ef79fbad0a46a621fb136b143d7aeb75a7cb854ebe0807524eee04fe8d83b3311152dad97e341e18ed5b8981b3cf322fec4e0700894bb	common_voice_hi_23796046.mp3	हमने उस उम्मीदवार को अपना मत दिया।	2	0	twenties	male		hi	
f1b62e5d3473776b945ef79fbad0a46a621fb136b143d7aeb75a7cb854ebe0807524eee04fe8d83b3311152dad97e341e18ed5b8981b3cf322fec4e0700894bb	common_voice_hi_23796048.mp3	उन्होंने एक-दूसरे को देखा।	2	0	twenties	male		hi	
f1b62e5d3473776b945ef79fbad0a46a621fb136b143d7aeb75a7cb854ebe0807524eee04fe8d83b3311152dad97e341e18ed5b8981b3cf322fec4e0700894bb	common_voice_hi_23796049.mp3	अभी पोलैंड में क्या हो रहा है?	2	0	twenties	male		hi	
f1b62e5d3473776b945ef79fbad0a46a621fb136b143d7aeb75a7cb854ebe0807524eee04fe8d83b3311152dad97e341e18ed5b8981b3cf322fec4e0700894bb	common_voice_hi_23796063.mp3	मैं सफ़र पर उसके साथ गया।	2	0	twenties	male		hi	
f1b62e5d3473776b945ef79fbad0a46a621fb136b143d7aeb75a7cb854ebe0807524eee04fe8d83b3311152dad97e341e18ed5b8981b3cf322fec4e0700894bb	common_voice_hi_23796064.mp3	उसने मेरे स्तन पकड़ लिये।	2	0	twenties	male		hi	
f1b62e5d3473776b945ef79fbad0a46a621fb136b143d7aeb75a7cb854ebe0807524eee04fe8d83b3311152dad97e341e18ed5b8981b3cf322fec4e0700894bb	common_voice_hi_23796065.mp3	क्या इसका स्वाद अच्छा है?	2	0	twenties	male		hi	
f1b62e5d3473776b945ef79fbad0a46a621fb136b143d7aeb75a7cb854ebe0807524eee04fe8d83b3311152dad97e341e18ed5b8981b3cf322fec4e0700894bb	common_voice_hi_23796066.mp3	लोगों ने पुलिस टीम पर किया हमला, वर्दी फाड़कर जीप के शीशे तोड़े	2	1	twenties	male		hi	
f1b62e5d3473776b945ef79fbad0a46a621fb136b143d7aeb75a7cb854ebe0807524eee04fe8d83b3311152dad97e341e18ed5b8981b3cf322fec4e0700894bb	common_voice_hi_23796067.mp3	हमारे पास तो बस चाय है।	2	0	twenties	male		hi	
f1b62e5d3473776b945ef79fbad0a46a621fb136b143d7aeb75a7cb854ebe0807524eee04fe8d83b3311152dad97e341e18ed5b8981b3cf322fec4e0700894bb	common_voice_hi_23796155.mp3	उसे अपना स्कूल बहुत पसंद है।	2	0	twenties	male		hi	
f1b62e5d3473776b945ef79fbad0a46a621fb136b143d7aeb75a7cb854ebe0807524eee04fe8d83b3311152dad97e341e18ed5b8981b3cf322fec4e0700894bb	common_voice_hi_23796156.mp3	पिछले कुछ सालों से मौसम बहुत अजीब है।	2	0	twenties	male		hi	
f1b62e5d3473776b945ef79fbad0a46a621fb136b143d7aeb75a7cb854ebe0807524eee04fe8d83b3311152dad97e341e18ed5b8981b3cf322fec4e0700894bb	common_voice_hi_23796157.mp3	वह नतीजे के लिए बेचैन है।	2	0	twenties	male		hi	
cb80d11c3532ab20b83037029cb1c2394ea6339f697e7101b9288365e3387903da82dc7d32bb6f1a45d5659f6ffacc187711e06195561c5e4f09721683bbd761	common_voice_hi_23827785.mp3	बाहर नहीं जाना चाहते हो क्या?	2	0	twenties	male		hi	
cb80d11c3532ab20b83037029cb1c2394ea6339f697e7101b9288365e3387903da82dc7d32bb6f1a45d5659f6ffacc187711e06195561c5e4f09721683bbd761	common_voice_hi_23827786.mp3	हमे स्केटिंग करके मज़ा आया।	2	0	twenties	male		hi	
cb80d11c3532ab20b83037029cb1c2394ea6339f697e7101b9288365e3387903da82dc7d32bb6f1a45d5659f6ffacc187711e06195561c5e4f09721683bbd761	common_voice_hi_23827787.mp3	यह ग़ैरक़ानूनी होना चाहिए।	2	0	twenties	male		hi	
cb80d11c3532ab20b83037029cb1c2394ea6339f697e7101b9288365e3387903da82dc7d32bb6f1a45d5659f6ffacc187711e06195561c5e4f09721683bbd761	common_voice_hi_23827788.mp3	अनवर जहां को तीन तलाक पर सुप्रीम कोर्ट के फैसले से मिली दोहरी खुशी	2	0	twenties	male		hi	
cb80d11c3532ab20b83037029cb1c2394ea6339f697e7101b9288365e3387903da82dc7d32bb6f1a45d5659f6ffacc187711e06195561c5e4f09721683bbd761	common_voice_hi_23827789.mp3	गुलदान को किसने तोड़ दिया?	2	0	twenties	male		hi	
cb80d11c3532ab20b83037029cb1c2394ea6339f697e7101b9288365e3387903da82dc7d32bb6f1a45d5659f6ffacc187711e06195561c5e4f09721683bbd761	common_voice_hi_23827790.mp3	आईआईटी बॉम्बे के स्टूडेंट्स ने बनाई सबसे तेज फॉर्मूला रेसिंग कार...	2	0	twenties	male		hi	
cb80d11c3532ab20b83037029cb1c2394ea6339f697e7101b9288365e3387903da82dc7d32bb6f1a45d5659f6ffacc187711e06195561c5e4f09721683bbd761	common_voice_hi_23827791.mp3	उसने अपने दुख को अपनी मुस्कुराहट के पीछे छिपा लिया।	2	0	twenties	male		hi	
cb80d11c3532ab20b83037029cb1c2394ea6339f697e7101b9288365e3387903da82dc7d32bb6f1a45d5659f6ffacc187711e06195561c5e4f09721683bbd761	common_voice_hi_23827792.mp3	टॉम भागा।	2	0	twenties	male		hi	
cb80d11c3532ab20b83037029cb1c2394ea6339f697e7101b9288365e3387903da82dc7d32bb6f1a45d5659f6ffacc187711e06195561c5e4f09721683bbd761	common_voice_hi_23827793.mp3	तुम कुछ ज़्यादा ही शक्कर डालती हो।	2	0	twenties	male		hi	
cb80d11c3532ab20b83037029cb1c2394ea6339f697e7101b9288365e3387903da82dc7d32bb6f1a45d5659f6ffacc187711e06195561c5e4f09721683bbd761	common_voice_hi_23827794.mp3	तुम्हें जैसे ही यह पत्र मिले मुझे लिखकर जवाब देना।	2	0	twenties	male		hi	
cb80d11c3532ab20b83037029cb1c2394ea6339f697e7101b9288365e3387903da82dc7d32bb6f1a45d5659f6ffacc187711e06195561c5e4f09721683bbd761	common_voice_hi_23827795.mp3	टॉम मेरा चाचा लगता है।	2	0	twenties	male		hi	
cb80d11c3532ab20b83037029cb1c2394ea6339f697e7101b9288365e3387903da82dc7d32bb6f1a45d5659f6ffacc187711e06195561c5e4f09721683bbd761	common_voice_hi_23827796.mp3	मथुरा में एक सनकी का सत्याग्रह!	2	0	twenties	male		hi	
cb80d11c3532ab20b83037029cb1c2394ea6339f697e7101b9288365e3387903da82dc7d32bb6f1a45d5659f6ffacc187711e06195561c5e4f09721683bbd761	common_voice_hi_23827797.mp3	मेरा वहीं मतलब है।	2	0	twenties	male		hi	
cb80d11c3532ab20b83037029cb1c2394ea6339f697e7101b9288365e3387903da82dc7d32bb6f1a45d5659f6ffacc187711e06195561c5e4f09721683bbd761	common_voice_hi_23827798.mp3	टॉम बाहर इंतज़ार कर रहा है।	2	0	twenties	male		hi	
cb80d11c3532ab20b83037029cb1c2394ea6339f697e7101b9288365e3387903da82dc7d32bb6f1a45d5659f6ffacc187711e06195561c5e4f09721683bbd761	common_voice_hi_23827799.mp3	मारीओ, मुझे समलैंगिक कहना बंद करो! मैं सीधा हूँ!	2	0	twenties	male		hi	
cb80d11c3532ab20b83037029cb1c2394ea6339f697e7101b9288365e3387903da82dc7d32bb6f1a45d5659f6ffacc187711e06195561c5e4f09721683bbd761	common_voice_hi_23827800.mp3	आसपास देखो, टॉम।	2	0	twenties	male		hi	
cb80d11c3532ab20b83037029cb1c2394ea6339f697e7101b9288365e3387903da82dc7d32bb6f1a45d5659f6ffacc187711e06195561c5e4f09721683bbd761	common_voice_hi_23827801.mp3	"अब जीरो डिग्री में दिखेगा 'टाइगर' सलमान का दम"	2	0	twenties	male		hi	
cb80d11c3532ab20b83037029cb1c2394ea6339f697e7101b9288365e3387903da82dc7d32bb6f1a45d5659f6ffacc187711e06195561c5e4f09721683bbd761	common_voice_hi_23827802.mp3	केन ने अभी तक गाड़ी नहीं धोई है।	2	0	twenties	male		hi	
cb80d11c3532ab20b83037029cb1c2394ea6339f697e7101b9288365e3387903da82dc7d32bb6f1a45d5659f6ffacc187711e06195561c5e4f09721683bbd761	common_voice_hi_23827803.mp3	अगर हमको स्टेशन समय पर पहुँचना है तो हमको जल्दी करनी होगी।	2	0	twenties	male		hi	
cb80d11c3532ab20b83037029cb1c2394ea6339f697e7101b9288365e3387903da82dc7d32bb6f1a45d5659f6ffacc187711e06195561c5e4f09721683bbd761	common_voice_hi_23827804.mp3	मेरा फ़ोन खराब है।	2	0	twenties	male		hi	
f398e532c4307d0fb6f23dda4b599e05c8483a5211aab4dba56e24a0acc89810af5b98cc96afe0b55fdee3b41250c05571fa3d170e517213e71e52e481a80df1	common_voice_hi_23976026.mp3	विजयलक्ष्मी के बयानों पर चुनाव आयोग करेगा कार्रवाई	2	0	twenties	male		hi	
f398e532c4307d0fb6f23dda4b599e05c8483a5211aab4dba56e24a0acc89810af5b98cc96afe0b55fdee3b41250c05571fa3d170e517213e71e52e481a80df1	common_voice_hi_23976027.mp3	मोदी से नौ घंटे की मैराथन पूछताछ	2	0	twenties	male		hi	
f398e532c4307d0fb6f23dda4b599e05c8483a5211aab4dba56e24a0acc89810af5b98cc96afe0b55fdee3b41250c05571fa3d170e517213e71e52e481a80df1	common_voice_hi_23976028.mp3	टोनी क्या कर रहा है?	2	0	twenties	male		hi	
f398e532c4307d0fb6f23dda4b599e05c8483a5211aab4dba56e24a0acc89810af5b98cc96afe0b55fdee3b41250c05571fa3d170e517213e71e52e481a80df1	common_voice_hi_23976030.mp3	थोड़ा धीरे बोल सकते हैं क्या?	2	0	twenties	male		hi	
f398e532c4307d0fb6f23dda4b599e05c8483a5211aab4dba56e24a0acc89810af5b98cc96afe0b55fdee3b41250c05571fa3d170e517213e71e52e481a80df1	common_voice_hi_23976034.mp3	मैं तुम्हारे जैसा हूँ।	2	0	twenties	male		hi	
f398e532c4307d0fb6f23dda4b599e05c8483a5211aab4dba56e24a0acc89810af5b98cc96afe0b55fdee3b41250c05571fa3d170e517213e71e52e481a80df1	common_voice_hi_23976036.mp3	बैंक ऑफ इंडिया में ऑफिसर की वैकेंसी	2	0	twenties	male		hi	
f398e532c4307d0fb6f23dda4b599e05c8483a5211aab4dba56e24a0acc89810af5b98cc96afe0b55fdee3b41250c05571fa3d170e517213e71e52e481a80df1	common_voice_hi_23976043.mp3	उसे सब पसंद करते हैं।	2	0	twenties	male		hi	
f398e532c4307d0fb6f23dda4b599e05c8483a5211aab4dba56e24a0acc89810af5b98cc96afe0b55fdee3b41250c05571fa3d170e517213e71e52e481a80df1	common_voice_hi_23976045.mp3	तुम अपने बाल क्यों नहीं काटती?	2	0	twenties	male		hi	
f398e532c4307d0fb6f23dda4b599e05c8483a5211aab4dba56e24a0acc89810af5b98cc96afe0b55fdee3b41250c05571fa3d170e517213e71e52e481a80df1	common_voice_hi_23976047.mp3	मैं तुम्हारे लिये चाय बनाता हूँ।	2	0	twenties	male		hi	
f398e532c4307d0fb6f23dda4b599e05c8483a5211aab4dba56e24a0acc89810af5b98cc96afe0b55fdee3b41250c05571fa3d170e517213e71e52e481a80df1	common_voice_hi_23976048.mp3	बसपा सुप्रीमों ने कांग्रेस से झाड़ा पल्ला, भाजपा को मिली संजीवनी	2	0	twenties	male		hi	
f398e532c4307d0fb6f23dda4b599e05c8483a5211aab4dba56e24a0acc89810af5b98cc96afe0b55fdee3b41250c05571fa3d170e517213e71e52e481a80df1	common_voice_hi_23976049.mp3	जपानी ब्रिटिशों से ज़्यादा गोमांस खाते हैं।	2	0	twenties	male		hi	
f398e532c4307d0fb6f23dda4b599e05c8483a5211aab4dba56e24a0acc89810af5b98cc96afe0b55fdee3b41250c05571fa3d170e517213e71e52e481a80df1	common_voice_hi_23976060.mp3	मैं मोहन के साथ गेंद खेलने जा रहा हूँ।	2	0	twenties	male		hi	
f398e532c4307d0fb6f23dda4b599e05c8483a5211aab4dba56e24a0acc89810af5b98cc96afe0b55fdee3b41250c05571fa3d170e517213e71e52e481a80df1	common_voice_hi_23976061.mp3	अगले साल मैं हवाई जा रही हूँ।	2	0	twenties	male		hi	
f398e532c4307d0fb6f23dda4b599e05c8483a5211aab4dba56e24a0acc89810af5b98cc96afe0b55fdee3b41250c05571fa3d170e517213e71e52e481a80df1	common_voice_hi_23976062.mp3	टॉम ने कोट पहन कर देखा।	2	0	twenties	male		hi	
f398e532c4307d0fb6f23dda4b599e05c8483a5211aab4dba56e24a0acc89810af5b98cc96afe0b55fdee3b41250c05571fa3d170e517213e71e52e481a80df1	common_voice_hi_23976063.mp3	रीता बहुगुणा का घर जलाने में इस्तेमाल हुई गाड़ी बरामद	2	0	twenties	male		hi	
f398e532c4307d0fb6f23dda4b599e05c8483a5211aab4dba56e24a0acc89810af5b98cc96afe0b55fdee3b41250c05571fa3d170e517213e71e52e481a80df1	common_voice_hi_23976064.mp3	सर्वदलीय प्रतिनिधिमंडल में शामिल प्रणव व चिदंबरम	2	0	twenties	male		hi	
f398e532c4307d0fb6f23dda4b599e05c8483a5211aab4dba56e24a0acc89810af5b98cc96afe0b55fdee3b41250c05571fa3d170e517213e71e52e481a80df1	common_voice_hi_23976074.mp3	हरियाणा सरकार ने स्नातकोत्तर बेरोजगारों के लिए शुरू की रोजगार योजना	2	0	twenties	male		hi	
f398e532c4307d0fb6f23dda4b599e05c8483a5211aab4dba56e24a0acc89810af5b98cc96afe0b55fdee3b41250c05571fa3d170e517213e71e52e481a80df1	common_voice_hi_23976075.mp3	उसने मेरी पीठ पर थपथपाया और मुस्कुराया।	2	0	twenties	male		hi	
f398e532c4307d0fb6f23dda4b599e05c8483a5211aab4dba56e24a0acc89810af5b98cc96afe0b55fdee3b41250c05571fa3d170e517213e71e52e481a80df1	common_voice_hi_23976076.mp3	दिल्ली: आज हो सकते हैं अरविंद केजरीवाल रिहा	2	0	twenties	male		hi	
f398e532c4307d0fb6f23dda4b599e05c8483a5211aab4dba56e24a0acc89810af5b98cc96afe0b55fdee3b41250c05571fa3d170e517213e71e52e481a80df1	common_voice_hi_23976077.mp3	जकार्ता में साइना का प्रदर्शन संतोषजनक: गोपीचंद	2	0	twenties	male		hi	
da10f782c53d93ec1dbf793a1f5404dbdfd390c9abdacd218d0c47e2366a569d50841b5ad9075f9b83e2c16b9194ab1be1f91e407a546218999fa14e2b49a3eb	common_voice_hi_23964471.mp3	वह खबर सुनते ही रो पड़ी।	2	0	twenties	male		hi	
da10f782c53d93ec1dbf793a1f5404dbdfd390c9abdacd218d0c47e2366a569d50841b5ad9075f9b83e2c16b9194ab1be1f91e407a546218999fa14e2b49a3eb	common_voice_hi_23964472.mp3	पहली बार ट्विटर पर लाइव हुए रणबीर, कल देंगे बड़ा सरप्राइज	2	1	twenties	male		hi	
da10f782c53d93ec1dbf793a1f5404dbdfd390c9abdacd218d0c47e2366a569d50841b5ad9075f9b83e2c16b9194ab1be1f91e407a546218999fa14e2b49a3eb	common_voice_hi_23964473.mp3	यूपी बोर्ड परीक्षा में ऐसे पूरा करें अपना सिलेबस	2	1	twenties	male		hi	
da10f782c53d93ec1dbf793a1f5404dbdfd390c9abdacd218d0c47e2366a569d50841b5ad9075f9b83e2c16b9194ab1be1f91e407a546218999fa14e2b49a3eb	common_voice_hi_23964474.mp3	जोहल केस: पुलिस ने मौर्या स्टाफ से की पूछताछ	2	0	twenties	male		hi	
da10f782c53d93ec1dbf793a1f5404dbdfd390c9abdacd218d0c47e2366a569d50841b5ad9075f9b83e2c16b9194ab1be1f91e407a546218999fa14e2b49a3eb	common_voice_hi_23964481.mp3	इन्सान का शरीर एक तरह की मशीन होती है।	2	0	twenties	male		hi	
da10f782c53d93ec1dbf793a1f5404dbdfd390c9abdacd218d0c47e2366a569d50841b5ad9075f9b83e2c16b9194ab1be1f91e407a546218999fa14e2b49a3eb	common_voice_hi_23964483.mp3	बीजेपी नेताओं ने की टिफिन पार्टी, अब दिखाएंगे यूनिटी	2	0	twenties	male		hi	
da10f782c53d93ec1dbf793a1f5404dbdfd390c9abdacd218d0c47e2366a569d50841b5ad9075f9b83e2c16b9194ab1be1f91e407a546218999fa14e2b49a3eb	common_voice_hi_23964484.mp3	हम तुम्हारे साथ सैर करने चलें क्या?	2	1	twenties	male		hi	
da10f782c53d93ec1dbf793a1f5404dbdfd390c9abdacd218d0c47e2366a569d50841b5ad9075f9b83e2c16b9194ab1be1f91e407a546218999fa14e2b49a3eb	common_voice_hi_23964485.mp3	यह लिफ़्ट छटी मंज़िल तक ही जाती है।	2	0	twenties	male		hi	
da10f782c53d93ec1dbf793a1f5404dbdfd390c9abdacd218d0c47e2366a569d50841b5ad9075f9b83e2c16b9194ab1be1f91e407a546218999fa14e2b49a3eb	common_voice_hi_23964491.mp3	युरोप में कितने लोग हैं?	2	0	twenties	male		hi	
da10f782c53d93ec1dbf793a1f5404dbdfd390c9abdacd218d0c47e2366a569d50841b5ad9075f9b83e2c16b9194ab1be1f91e407a546218999fa14e2b49a3eb	common_voice_hi_23964492.mp3	वह हमेशा अपनी टीचर की शिक़ायत करती है।	2	0	twenties	male		hi	
da10f782c53d93ec1dbf793a1f5404dbdfd390c9abdacd218d0c47e2366a569d50841b5ad9075f9b83e2c16b9194ab1be1f91e407a546218999fa14e2b49a3eb	common_voice_hi_23964493.mp3	तुम हमेशा लोगों की बुराई करने को तैयार रहते हो।	2	0	twenties	male		hi	
da10f782c53d93ec1dbf793a1f5404dbdfd390c9abdacd218d0c47e2366a569d50841b5ad9075f9b83e2c16b9194ab1be1f91e407a546218999fa14e2b49a3eb	common_voice_hi_23964495.mp3	यह दुकान नौ बजे बंद हो जाती है।	2	0	twenties	male		hi	
da10f782c53d93ec1dbf793a1f5404dbdfd390c9abdacd218d0c47e2366a569d50841b5ad9075f9b83e2c16b9194ab1be1f91e407a546218999fa14e2b49a3eb	common_voice_hi_23964496.mp3	रियो ओलंपिक: दीपिका कुमारी की नजर सीधा निशाने पर	2	0	twenties	male		hi	
da10f782c53d93ec1dbf793a1f5404dbdfd390c9abdacd218d0c47e2366a569d50841b5ad9075f9b83e2c16b9194ab1be1f91e407a546218999fa14e2b49a3eb	common_voice_hi_23964497.mp3	टीचर ने बाथरूम में छात्रा से की छेड़छाड़, मामला दर्ज	2	1	twenties	male		hi	
da10f782c53d93ec1dbf793a1f5404dbdfd390c9abdacd218d0c47e2366a569d50841b5ad9075f9b83e2c16b9194ab1be1f91e407a546218999fa14e2b49a3eb	common_voice_hi_23964498.mp3	यूपी पुलिस की आखों के सामने से भाग निकला नारायण साईं	2	0	twenties	male		hi	
da10f782c53d93ec1dbf793a1f5404dbdfd390c9abdacd218d0c47e2366a569d50841b5ad9075f9b83e2c16b9194ab1be1f91e407a546218999fa14e2b49a3eb	common_voice_hi_23964499.mp3	टॉम आप से ज़्यादा प्रसिद्ध है।	2	0	twenties	male		hi	
da10f782c53d93ec1dbf793a1f5404dbdfd390c9abdacd218d0c47e2366a569d50841b5ad9075f9b83e2c16b9194ab1be1f91e407a546218999fa14e2b49a3eb	common_voice_hi_23964500.mp3	जब मैं अठारह साल का था मैंने गाड़ी चलानी सीखी और लाईसेंस बनवालिया।	2	0	twenties	male		hi	
da10f782c53d93ec1dbf793a1f5404dbdfd390c9abdacd218d0c47e2366a569d50841b5ad9075f9b83e2c16b9194ab1be1f91e407a546218999fa14e2b49a3eb	common_voice_hi_23964501.mp3	भीमा-कोरेगांव हिंसा मामले में पुलिस ने तीन लोगों को किया गिरफ्तार	2	0	twenties	male		hi	
da10f782c53d93ec1dbf793a1f5404dbdfd390c9abdacd218d0c47e2366a569d50841b5ad9075f9b83e2c16b9194ab1be1f91e407a546218999fa14e2b49a3eb	common_voice_hi_23964502.mp3	मैं मेट्रो लेकर स्कूल जाती हूँ।	2	0	twenties	male		hi	
da10f782c53d93ec1dbf793a1f5404dbdfd390c9abdacd218d0c47e2366a569d50841b5ad9075f9b83e2c16b9194ab1be1f91e407a546218999fa14e2b49a3eb	common_voice_hi_23964503.mp3	हम सब टॉम को तो जानते ही हैं।	2	0	twenties	male		hi	
da10f782c53d93ec1dbf793a1f5404dbdfd390c9abdacd218d0c47e2366a569d50841b5ad9075f9b83e2c16b9194ab1be1f91e407a546218999fa14e2b49a3eb	common_voice_hi_23964504.mp3	ये अच्छे सवाल हैं।	2	0	twenties	male		hi	
389842e0cd33cfb9876ef3d2f0e50eb0d9842d3a72efb647244e2cab4f456609c2fe3c3584b5307808cc70d8a9f6cbc18617ef2eadf45ed518b03c0dee8dfd87	common_voice_hi_23844508.mp3	कहाँ गए हो?	2	0				hi	
389842e0cd33cfb9876ef3d2f0e50eb0d9842d3a72efb647244e2cab4f456609c2fe3c3584b5307808cc70d8a9f6cbc18617ef2eadf45ed518b03c0dee8dfd87	common_voice_hi_23844509.mp3	चाहो तो घर जा सकते हो।	2	0				hi	
389842e0cd33cfb9876ef3d2f0e50eb0d9842d3a72efb647244e2cab4f456609c2fe3c3584b5307808cc70d8a9f6cbc18617ef2eadf45ed518b03c0dee8dfd87	common_voice_hi_23844510.mp3	नीचे क्यों देख रही हो?	2	0				hi	
389842e0cd33cfb9876ef3d2f0e50eb0d9842d3a72efb647244e2cab4f456609c2fe3c3584b5307808cc70d8a9f6cbc18617ef2eadf45ed518b03c0dee8dfd87	common_voice_hi_23844511.mp3	अनंतनाग आतंकी हमले के बाद दिल्ली का जंतर-मंतर राजनीतिक अखाड़े में तब्दील	2	1				hi	
389842e0cd33cfb9876ef3d2f0e50eb0d9842d3a72efb647244e2cab4f456609c2fe3c3584b5307808cc70d8a9f6cbc18617ef2eadf45ed518b03c0dee8dfd87	common_voice_hi_23844512.mp3	सावधान, दक्षिण दिल्ली का पानी बना जहर!	2	0				hi	
389842e0cd33cfb9876ef3d2f0e50eb0d9842d3a72efb647244e2cab4f456609c2fe3c3584b5307808cc70d8a9f6cbc18617ef2eadf45ed518b03c0dee8dfd87	common_voice_hi_23844513.mp3	अक्षय कुमार ने पकड़ा उल्टा तिरंगा, ट्रोल होने पर मांगी माफी	2	0				hi	
389842e0cd33cfb9876ef3d2f0e50eb0d9842d3a72efb647244e2cab4f456609c2fe3c3584b5307808cc70d8a9f6cbc18617ef2eadf45ed518b03c0dee8dfd87	common_voice_hi_23844514.mp3	मुझे नहीं पता हमे कितनी देर इंतेज़ार करना चाहिए।	2	0				hi	
389842e0cd33cfb9876ef3d2f0e50eb0d9842d3a72efb647244e2cab4f456609c2fe3c3584b5307808cc70d8a9f6cbc18617ef2eadf45ed518b03c0dee8dfd87	common_voice_hi_23844515.mp3	मैरी ने अपने स्तन दिखाएँ।	2	0				hi	
389842e0cd33cfb9876ef3d2f0e50eb0d9842d3a72efb647244e2cab4f456609c2fe3c3584b5307808cc70d8a9f6cbc18617ef2eadf45ed518b03c0dee8dfd87	common_voice_hi_23844516.mp3	तुम्हें गाड़ी चलाना आता है क्या?	2	0				hi	
389842e0cd33cfb9876ef3d2f0e50eb0d9842d3a72efb647244e2cab4f456609c2fe3c3584b5307808cc70d8a9f6cbc18617ef2eadf45ed518b03c0dee8dfd87	common_voice_hi_23844517.mp3	मैं ना एथेनियाई हूँ ना यूनानी।	2	0				hi	
389842e0cd33cfb9876ef3d2f0e50eb0d9842d3a72efb647244e2cab4f456609c2fe3c3584b5307808cc70d8a9f6cbc18617ef2eadf45ed518b03c0dee8dfd87	common_voice_hi_23844528.mp3	पेट्रोल, डीजल और एलपीजी की कीमत वृद्धि पर सीसीपीए की बैठक टली	2	0				hi	
389842e0cd33cfb9876ef3d2f0e50eb0d9842d3a72efb647244e2cab4f456609c2fe3c3584b5307808cc70d8a9f6cbc18617ef2eadf45ed518b03c0dee8dfd87	common_voice_hi_23844530.mp3	भारी बारिश के साथ बाढ़ भी आई और उसने बहुत नुकसान पहुँचाया।	2	0				hi	
389842e0cd33cfb9876ef3d2f0e50eb0d9842d3a72efb647244e2cab4f456609c2fe3c3584b5307808cc70d8a9f6cbc18617ef2eadf45ed518b03c0dee8dfd87	common_voice_hi_23844531.mp3	देखो वह कितना तेज़ दौड़ता है!	2	0				hi	
389842e0cd33cfb9876ef3d2f0e50eb0d9842d3a72efb647244e2cab4f456609c2fe3c3584b5307808cc70d8a9f6cbc18617ef2eadf45ed518b03c0dee8dfd87	common_voice_hi_23844532.mp3	मुझे मत बताओ।	2	0				hi	
389842e0cd33cfb9876ef3d2f0e50eb0d9842d3a72efb647244e2cab4f456609c2fe3c3584b5307808cc70d8a9f6cbc18617ef2eadf45ed518b03c0dee8dfd87	common_voice_hi_23844533.mp3	हमें अगले हफ़्ते ड्राईव पर लेजाओगे क्या?	2	0				hi	
389842e0cd33cfb9876ef3d2f0e50eb0d9842d3a72efb647244e2cab4f456609c2fe3c3584b5307808cc70d8a9f6cbc18617ef2eadf45ed518b03c0dee8dfd87	common_voice_hi_23844534.mp3	अब राज के निशाने पर टैक्सी और ऑटो चालक	2	0				hi	
389842e0cd33cfb9876ef3d2f0e50eb0d9842d3a72efb647244e2cab4f456609c2fe3c3584b5307808cc70d8a9f6cbc18617ef2eadf45ed518b03c0dee8dfd87	common_voice_hi_23844535.mp3	बैडमिंटन टूर्नामेंट: कश्यप क्वार्टर फाइनल में, ज्वाला और अश्विनी हारे	2	0				hi	
389842e0cd33cfb9876ef3d2f0e50eb0d9842d3a72efb647244e2cab4f456609c2fe3c3584b5307808cc70d8a9f6cbc18617ef2eadf45ed518b03c0dee8dfd87	common_voice_hi_23844536.mp3	उसने अच्छा किया कि उस नौकरी को हाँ कर दिया।	2	1				hi	
389842e0cd33cfb9876ef3d2f0e50eb0d9842d3a72efb647244e2cab4f456609c2fe3c3584b5307808cc70d8a9f6cbc18617ef2eadf45ed518b03c0dee8dfd87	common_voice_hi_23844537.mp3	वह चाल-चलन में असभ्य है।	2	0				hi	
389842e0cd33cfb9876ef3d2f0e50eb0d9842d3a72efb647244e2cab4f456609c2fe3c3584b5307808cc70d8a9f6cbc18617ef2eadf45ed518b03c0dee8dfd87	common_voice_hi_23844538.mp3	अमर सिंह बोले- मैं समाजवादी नहीं, मुलायम वादी हूं	2	0				hi	
389842e0cd33cfb9876ef3d2f0e50eb0d9842d3a72efb647244e2cab4f456609c2fe3c3584b5307808cc70d8a9f6cbc18617ef2eadf45ed518b03c0dee8dfd87	common_voice_hi_23844539.mp3	पूर्व केंद्रीय मंत्री श्रीकांत जेना पर हुई कार्रवाई, कांग्रेस ने पार्टी से निकाला	2	0				hi	
389842e0cd33cfb9876ef3d2f0e50eb0d9842d3a72efb647244e2cab4f456609c2fe3c3584b5307808cc70d8a9f6cbc18617ef2eadf45ed518b03c0dee8dfd87	common_voice_hi_23844540.mp3	जापान में रहना बहुत महंगा है।	2	1				hi	
389842e0cd33cfb9876ef3d2f0e50eb0d9842d3a72efb647244e2cab4f456609c2fe3c3584b5307808cc70d8a9f6cbc18617ef2eadf45ed518b03c0dee8dfd87	common_voice_hi_23844541.mp3	आज मैं चार साल का हो गया हूँ।	2	0				hi	
389842e0cd33cfb9876ef3d2f0e50eb0d9842d3a72efb647244e2cab4f456609c2fe3c3584b5307808cc70d8a9f6cbc18617ef2eadf45ed518b03c0dee8dfd87	common_voice_hi_23844542.mp3	पीकर खतम करदो।	2	0				hi	
05fd2a7f0d7cbe9acb1d838706b64a2ab489f6d0d2e7ff3a4243b1bb89ca3c1bc2e8dfd22bf11cf6e2fd9f11c2809b3dbf3db935d566ab6b6ee3122e3bfc20ed	common_voice_hi_23828667.mp3	लौरी अब एक पुस्तक पड रही है।	2	0				hi	
05fd2a7f0d7cbe9acb1d838706b64a2ab489f6d0d2e7ff3a4243b1bb89ca3c1bc2e8dfd22bf11cf6e2fd9f11c2809b3dbf3db935d566ab6b6ee3122e3bfc20ed	common_voice_hi_23828668.mp3	यूपीः हथियारों की तस्करी करने वाले गिरोह का भंडाफोड़	2	0				hi	
05fd2a7f0d7cbe9acb1d838706b64a2ab489f6d0d2e7ff3a4243b1bb89ca3c1bc2e8dfd22bf11cf6e2fd9f11c2809b3dbf3db935d566ab6b6ee3122e3bfc20ed	common_voice_hi_23828669.mp3	अब खुलेगी देश विरोधी नारेबाजी की सच्चाई, अररिया पहुंची फोरेंसिक टीम	2	0				hi	
05fd2a7f0d7cbe9acb1d838706b64a2ab489f6d0d2e7ff3a4243b1bb89ca3c1bc2e8dfd22bf11cf6e2fd9f11c2809b3dbf3db935d566ab6b6ee3122e3bfc20ed	common_voice_hi_23828670.mp3	यह मेरी का कुत्ता है।	2	0				hi	
05fd2a7f0d7cbe9acb1d838706b64a2ab489f6d0d2e7ff3a4243b1bb89ca3c1bc2e8dfd22bf11cf6e2fd9f11c2809b3dbf3db935d566ab6b6ee3122e3bfc20ed	common_voice_hi_23828671.mp3	"'चुलबुल पांडे' से प्रेरित हो सोहा बनेंगी 'लेडी दबंग'"	2	0				hi	
05fd2a7f0d7cbe9acb1d838706b64a2ab489f6d0d2e7ff3a4243b1bb89ca3c1bc2e8dfd22bf11cf6e2fd9f11c2809b3dbf3db935d566ab6b6ee3122e3bfc20ed	common_voice_hi_23828682.mp3	तुम्हारी आँखे खराब हैं क्या?	2	0				hi	
05fd2a7f0d7cbe9acb1d838706b64a2ab489f6d0d2e7ff3a4243b1bb89ca3c1bc2e8dfd22bf11cf6e2fd9f11c2809b3dbf3db935d566ab6b6ee3122e3bfc20ed	common_voice_hi_23828683.mp3	वे खाते हैं।	2	0				hi	
05fd2a7f0d7cbe9acb1d838706b64a2ab489f6d0d2e7ff3a4243b1bb89ca3c1bc2e8dfd22bf11cf6e2fd9f11c2809b3dbf3db935d566ab6b6ee3122e3bfc20ed	common_voice_hi_23828684.mp3	तुम कभी कनाडा गए हो क्या?	2	0				hi	
05fd2a7f0d7cbe9acb1d838706b64a2ab489f6d0d2e7ff3a4243b1bb89ca3c1bc2e8dfd22bf11cf6e2fd9f11c2809b3dbf3db935d566ab6b6ee3122e3bfc20ed	common_voice_hi_23828685.mp3	बच्चों को माँ-बाप की बात माननी चाहिए।	2	0				hi	
05fd2a7f0d7cbe9acb1d838706b64a2ab489f6d0d2e7ff3a4243b1bb89ca3c1bc2e8dfd22bf11cf6e2fd9f11c2809b3dbf3db935d566ab6b6ee3122e3bfc20ed	common_voice_hi_23828686.mp3	बोलने और करने में फ़र्क होता है।	2	0				hi	
05fd2a7f0d7cbe9acb1d838706b64a2ab489f6d0d2e7ff3a4243b1bb89ca3c1bc2e8dfd22bf11cf6e2fd9f11c2809b3dbf3db935d566ab6b6ee3122e3bfc20ed	common_voice_hi_23828697.mp3	चीनी गरम कॉफ़ी में घुल जाती है।	2	0				hi	
05fd2a7f0d7cbe9acb1d838706b64a2ab489f6d0d2e7ff3a4243b1bb89ca3c1bc2e8dfd22bf11cf6e2fd9f11c2809b3dbf3db935d566ab6b6ee3122e3bfc20ed	common_voice_hi_23828698.mp3	हम सब पागल हैं।	2	0				hi	
05fd2a7f0d7cbe9acb1d838706b64a2ab489f6d0d2e7ff3a4243b1bb89ca3c1bc2e8dfd22bf11cf6e2fd9f11c2809b3dbf3db935d566ab6b6ee3122e3bfc20ed	common_voice_hi_23828699.mp3	वह घोड़ा नहीं, वह तो गधा है।	2	0				hi	
05fd2a7f0d7cbe9acb1d838706b64a2ab489f6d0d2e7ff3a4243b1bb89ca3c1bc2e8dfd22bf11cf6e2fd9f11c2809b3dbf3db935d566ab6b6ee3122e3bfc20ed	common_voice_hi_23828700.mp3	वह उसका दोस्त है।	2	0				hi	
05fd2a7f0d7cbe9acb1d838706b64a2ab489f6d0d2e7ff3a4243b1bb89ca3c1bc2e8dfd22bf11cf6e2fd9f11c2809b3dbf3db935d566ab6b6ee3122e3bfc20ed	common_voice_hi_23828701.mp3	वह अभी तक यहाँ नहीं आई है।	2	0				hi	
05fd2a7f0d7cbe9acb1d838706b64a2ab489f6d0d2e7ff3a4243b1bb89ca3c1bc2e8dfd22bf11cf6e2fd9f11c2809b3dbf3db935d566ab6b6ee3122e3bfc20ed	common_voice_hi_23828712.mp3	क्या तुम कह रहे हो कि मेरी जान ख़तरे में है?	2	0				hi	
05fd2a7f0d7cbe9acb1d838706b64a2ab489f6d0d2e7ff3a4243b1bb89ca3c1bc2e8dfd22bf11cf6e2fd9f11c2809b3dbf3db935d566ab6b6ee3122e3bfc20ed	common_voice_hi_23828713.mp3	मैं चीन में छह महीने रहा हूँ।	2	0				hi	
05fd2a7f0d7cbe9acb1d838706b64a2ab489f6d0d2e7ff3a4243b1bb89ca3c1bc2e8dfd22bf11cf6e2fd9f11c2809b3dbf3db935d566ab6b6ee3122e3bfc20ed	common_voice_hi_23828714.mp3	उसने तो शुक्रिया तक नहीं कहा।	2	0				hi	
05fd2a7f0d7cbe9acb1d838706b64a2ab489f6d0d2e7ff3a4243b1bb89ca3c1bc2e8dfd22bf11cf6e2fd9f11c2809b3dbf3db935d566ab6b6ee3122e3bfc20ed	common_voice_hi_23828715.mp3	राज्यसभा के डिप्टी चेयरमैन के लिए संयुक्त उम्मीदवार खड़ा कर सकता है विपक्ष	2	0				hi	
05fd2a7f0d7cbe9acb1d838706b64a2ab489f6d0d2e7ff3a4243b1bb89ca3c1bc2e8dfd22bf11cf6e2fd9f11c2809b3dbf3db935d566ab6b6ee3122e3bfc20ed	common_voice_hi_23828716.mp3	औरतों को महफूज जगह की तलाश	2	0				hi	
05fd2a7f0d7cbe9acb1d838706b64a2ab489f6d0d2e7ff3a4243b1bb89ca3c1bc2e8dfd22bf11cf6e2fd9f11c2809b3dbf3db935d566ab6b6ee3122e3bfc20ed	common_voice_hi_23828722.mp3	तुम मरने वाले हो।	2	0				hi	
05fd2a7f0d7cbe9acb1d838706b64a2ab489f6d0d2e7ff3a4243b1bb89ca3c1bc2e8dfd22bf11cf6e2fd9f11c2809b3dbf3db935d566ab6b6ee3122e3bfc20ed	common_voice_hi_23828723.mp3	"""सड़क की मरम्मत जारी है।"""	2	0				hi	
05fd2a7f0d7cbe9acb1d838706b64a2ab489f6d0d2e7ff3a4243b1bb89ca3c1bc2e8dfd22bf11cf6e2fd9f11c2809b3dbf3db935d566ab6b6ee3122e3bfc20ed	common_voice_hi_23828724.mp3	मैं वाइन नहीं पीती।	2	0				hi	
05fd2a7f0d7cbe9acb1d838706b64a2ab489f6d0d2e7ff3a4243b1bb89ca3c1bc2e8dfd22bf11cf6e2fd9f11c2809b3dbf3db935d566ab6b6ee3122e3bfc20ed	common_voice_hi_23828725.mp3	कलयुगी गुरु की करतूत सुन शर्म से झुक जाएंगी आपकी आंखें	2	0				hi	
05fd2a7f0d7cbe9acb1d838706b64a2ab489f6d0d2e7ff3a4243b1bb89ca3c1bc2e8dfd22bf11cf6e2fd9f11c2809b3dbf3db935d566ab6b6ee3122e3bfc20ed	common_voice_hi_23828727.mp3	निर्भया के आरोपियों को फांसी देने की तैयारी! बक्सर जेल में बन रही रस्सी	2	1				hi	
05fd2a7f0d7cbe9acb1d838706b64a2ab489f6d0d2e7ff3a4243b1bb89ca3c1bc2e8dfd22bf11cf6e2fd9f11c2809b3dbf3db935d566ab6b6ee3122e3bfc20ed	common_voice_hi_23828747.mp3	कोलकाताः एयरपोर्ट पर दो एनआरआई महिलाओं को हिरासत में लिया गया	2	0				hi	
05fd2a7f0d7cbe9acb1d838706b64a2ab489f6d0d2e7ff3a4243b1bb89ca3c1bc2e8dfd22bf11cf6e2fd9f11c2809b3dbf3db935d566ab6b6ee3122e3bfc20ed	common_voice_hi_23828748.mp3	तुम्हें जो अच्छा लगता है लेलो।	2	0				hi	
05fd2a7f0d7cbe9acb1d838706b64a2ab489f6d0d2e7ff3a4243b1bb89ca3c1bc2e8dfd22bf11cf6e2fd9f11c2809b3dbf3db935d566ab6b6ee3122e3bfc20ed	common_voice_hi_23828749.mp3	हम टॉम की मदद करते हैं।	2	1				hi	
05fd2a7f0d7cbe9acb1d838706b64a2ab489f6d0d2e7ff3a4243b1bb89ca3c1bc2e8dfd22bf11cf6e2fd9f11c2809b3dbf3db935d566ab6b6ee3122e3bfc20ed	common_voice_hi_23828750.mp3	कुछ तोड़ना मत।	2	0				hi	
05fd2a7f0d7cbe9acb1d838706b64a2ab489f6d0d2e7ff3a4243b1bb89ca3c1bc2e8dfd22bf11cf6e2fd9f11c2809b3dbf3db935d566ab6b6ee3122e3bfc20ed	common_voice_hi_23828751.mp3	यह तो कभी खत्म न होगा।	2	0				hi	
05fd2a7f0d7cbe9acb1d838706b64a2ab489f6d0d2e7ff3a4243b1bb89ca3c1bc2e8dfd22bf11cf6e2fd9f11c2809b3dbf3db935d566ab6b6ee3122e3bfc20ed	common_voice_hi_23828802.mp3	मुझे भावी प्रधानमंत्री न समझा जाए: राहुल गांधी	2	0				hi	
05fd2a7f0d7cbe9acb1d838706b64a2ab489f6d0d2e7ff3a4243b1bb89ca3c1bc2e8dfd22bf11cf6e2fd9f11c2809b3dbf3db935d566ab6b6ee3122e3bfc20ed	common_voice_hi_23828803.mp3	जवान बेटे की अर्थी के पीछे गीत गाती चली मां, जिसने देखा फफक पड़ा	2	0				hi	
05fd2a7f0d7cbe9acb1d838706b64a2ab489f6d0d2e7ff3a4243b1bb89ca3c1bc2e8dfd22bf11cf6e2fd9f11c2809b3dbf3db935d566ab6b6ee3122e3bfc20ed	common_voice_hi_23828804.mp3	जिम अपने पापा पर जाता है।	2	0				hi	
05fd2a7f0d7cbe9acb1d838706b64a2ab489f6d0d2e7ff3a4243b1bb89ca3c1bc2e8dfd22bf11cf6e2fd9f11c2809b3dbf3db935d566ab6b6ee3122e3bfc20ed	common_voice_hi_23828805.mp3	मुंबई: लोकल ट्रेनों में लगेगा एसी, तैनात होंगे बाउंसर	2	0				hi	
05fd2a7f0d7cbe9acb1d838706b64a2ab489f6d0d2e7ff3a4243b1bb89ca3c1bc2e8dfd22bf11cf6e2fd9f11c2809b3dbf3db935d566ab6b6ee3122e3bfc20ed	common_voice_hi_23828806.mp3	एक बार और प्रयत्न करो।	2	0				hi	
05fd2a7f0d7cbe9acb1d838706b64a2ab489f6d0d2e7ff3a4243b1bb89ca3c1bc2e8dfd22bf11cf6e2fd9f11c2809b3dbf3db935d566ab6b6ee3122e3bfc20ed	common_voice_hi_23830779.mp3	अगर वह इस तरह मन लगाकर पढ़ता रहेगा, तो परीक्षा में अवश्य पास होगा।	2	0				hi	
05fd2a7f0d7cbe9acb1d838706b64a2ab489f6d0d2e7ff3a4243b1bb89ca3c1bc2e8dfd22bf11cf6e2fd9f11c2809b3dbf3db935d566ab6b6ee3122e3bfc20ed	common_voice_hi_23830780.mp3	वह कहानी सुन कर पागल हो गया।	2	0				hi	
05fd2a7f0d7cbe9acb1d838706b64a2ab489f6d0d2e7ff3a4243b1bb89ca3c1bc2e8dfd22bf11cf6e2fd9f11c2809b3dbf3db935d566ab6b6ee3122e3bfc20ed	common_voice_hi_23830781.mp3	तुम्हें हो क्या गया था?	2	0				hi	
05fd2a7f0d7cbe9acb1d838706b64a2ab489f6d0d2e7ff3a4243b1bb89ca3c1bc2e8dfd22bf11cf6e2fd9f11c2809b3dbf3db935d566ab6b6ee3122e3bfc20ed	common_voice_hi_23830782.mp3	हम दोस्त हैं, और दोस्त एक-दूसरे की मदद करते हैं।	2	0				hi	
05fd2a7f0d7cbe9acb1d838706b64a2ab489f6d0d2e7ff3a4243b1bb89ca3c1bc2e8dfd22bf11cf6e2fd9f11c2809b3dbf3db935d566ab6b6ee3122e3bfc20ed	common_voice_hi_23830783.mp3	दुनिया का सबसे अलग भिखारी, ये है इसके भीख मांगने का मकसद	2	0				hi	
05fd2a7f0d7cbe9acb1d838706b64a2ab489f6d0d2e7ff3a4243b1bb89ca3c1bc2e8dfd22bf11cf6e2fd9f11c2809b3dbf3db935d566ab6b6ee3122e3bfc20ed	common_voice_hi_23830797.mp3	भारतीय विमानन कंपनियां मजबूत, ग्लोबल एंट्री के लिए सही वक्त: स्पाइसजेट	2	0				hi	
05fd2a7f0d7cbe9acb1d838706b64a2ab489f6d0d2e7ff3a4243b1bb89ca3c1bc2e8dfd22bf11cf6e2fd9f11c2809b3dbf3db935d566ab6b6ee3122e3bfc20ed	common_voice_hi_23830798.mp3	कर्मचारियों को तीन हफ़्तों के लिए काम से निकाल दिया गया।	2	1				hi	
05fd2a7f0d7cbe9acb1d838706b64a2ab489f6d0d2e7ff3a4243b1bb89ca3c1bc2e8dfd22bf11cf6e2fd9f11c2809b3dbf3db935d566ab6b6ee3122e3bfc20ed	common_voice_hi_23830800.mp3	मैं वह क्यों पहनूंगी?	2	0				hi	
05fd2a7f0d7cbe9acb1d838706b64a2ab489f6d0d2e7ff3a4243b1bb89ca3c1bc2e8dfd22bf11cf6e2fd9f11c2809b3dbf3db935d566ab6b6ee3122e3bfc20ed	common_voice_hi_23830801.mp3	तुम तो यह भी जानते कि मैं कौन हूँ।	2	0				hi	
05fd2a7f0d7cbe9acb1d838706b64a2ab489f6d0d2e7ff3a4243b1bb89ca3c1bc2e8dfd22bf11cf6e2fd9f11c2809b3dbf3db935d566ab6b6ee3122e3bfc20ed	common_voice_hi_23830802.mp3	मेने उसे नियम समझाया।	2	0				hi	
05fd2a7f0d7cbe9acb1d838706b64a2ab489f6d0d2e7ff3a4243b1bb89ca3c1bc2e8dfd22bf11cf6e2fd9f11c2809b3dbf3db935d566ab6b6ee3122e3bfc20ed	common_voice_hi_23830812.mp3	एयरपोर्ट के रास्ते पर गाड़ी खराब हो गई।	2	1				hi	
05fd2a7f0d7cbe9acb1d838706b64a2ab489f6d0d2e7ff3a4243b1bb89ca3c1bc2e8dfd22bf11cf6e2fd9f11c2809b3dbf3db935d566ab6b6ee3122e3bfc20ed	common_voice_hi_23830813.mp3	क्या वह एक असली हीरा है?	2	0				hi	
05fd2a7f0d7cbe9acb1d838706b64a2ab489f6d0d2e7ff3a4243b1bb89ca3c1bc2e8dfd22bf11cf6e2fd9f11c2809b3dbf3db935d566ab6b6ee3122e3bfc20ed	common_voice_hi_23830814.mp3	शत्रुघ्न सिन्हा ने छापे की टाइमिंग पर उठाए सवाल, मोदी सरकार पर साधा निशाना	2	0				hi	
05fd2a7f0d7cbe9acb1d838706b64a2ab489f6d0d2e7ff3a4243b1bb89ca3c1bc2e8dfd22bf11cf6e2fd9f11c2809b3dbf3db935d566ab6b6ee3122e3bfc20ed	common_voice_hi_23830815.mp3	हमे लोगों की पीठ के पीछे उनकी बुराई नहीं करनी चाहिए।	2	0				hi	
05fd2a7f0d7cbe9acb1d838706b64a2ab489f6d0d2e7ff3a4243b1bb89ca3c1bc2e8dfd22bf11cf6e2fd9f11c2809b3dbf3db935d566ab6b6ee3122e3bfc20ed	common_voice_hi_23830816.mp3	तुम थक गए हो, है ना?	2	0				hi	
c7c4e5ded1e6121c38594d1e3bbb5a49f1d269f96c2591f9e2d4da7cf5c9cdc7598248c5d24452c832160a2503d344167242cafabc1dc3936e1a6065b281ae77	common_voice_hi_23795238.mp3	तुम्हारे पास तीन महीने बचे हैं।	2	1	twenties	male		hi	
c7c4e5ded1e6121c38594d1e3bbb5a49f1d269f96c2591f9e2d4da7cf5c9cdc7598248c5d24452c832160a2503d344167242cafabc1dc3936e1a6065b281ae77	common_voice_hi_23795239.mp3	मैं खाती हूँ।	2	1	twenties	male		hi	
c7c4e5ded1e6121c38594d1e3bbb5a49f1d269f96c2591f9e2d4da7cf5c9cdc7598248c5d24452c832160a2503d344167242cafabc1dc3936e1a6065b281ae77	common_voice_hi_23795241.mp3	बाईं ओर को एक गुप्त रास्ता है।	2	1	twenties	male		hi	
c7c4e5ded1e6121c38594d1e3bbb5a49f1d269f96c2591f9e2d4da7cf5c9cdc7598248c5d24452c832160a2503d344167242cafabc1dc3936e1a6065b281ae77	common_voice_hi_23795243.mp3	यह स्याही सबसे अच्छी है।	2	0	twenties	male		hi	
c7c4e5ded1e6121c38594d1e3bbb5a49f1d269f96c2591f9e2d4da7cf5c9cdc7598248c5d24452c832160a2503d344167242cafabc1dc3936e1a6065b281ae77	common_voice_hi_23795244.mp3	डब्बा इतना भारी था कि मैं उसे हिला नहीं सका।	2	0	twenties	male		hi	
c7c4e5ded1e6121c38594d1e3bbb5a49f1d269f96c2591f9e2d4da7cf5c9cdc7598248c5d24452c832160a2503d344167242cafabc1dc3936e1a6065b281ae77	common_voice_hi_23795245.mp3	वे कुछ करते क्यों नहीं?	2	0	twenties	male		hi	
c7c4e5ded1e6121c38594d1e3bbb5a49f1d269f96c2591f9e2d4da7cf5c9cdc7598248c5d24452c832160a2503d344167242cafabc1dc3936e1a6065b281ae77	common_voice_hi_23795246.mp3	मैं पूरी रात रोई।	2	1	twenties	male		hi	
c7c4e5ded1e6121c38594d1e3bbb5a49f1d269f96c2591f9e2d4da7cf5c9cdc7598248c5d24452c832160a2503d344167242cafabc1dc3936e1a6065b281ae77	common_voice_hi_23795247.mp3	तुम गलत मंज़िल पर हो।	2	0	twenties	male		hi	
c7c4e5ded1e6121c38594d1e3bbb5a49f1d269f96c2591f9e2d4da7cf5c9cdc7598248c5d24452c832160a2503d344167242cafabc1dc3936e1a6065b281ae77	common_voice_hi_23795248.mp3	आभा ने राठौड़ से जेल में मुलाकात की	2	0	twenties	male		hi	
c7c4e5ded1e6121c38594d1e3bbb5a49f1d269f96c2591f9e2d4da7cf5c9cdc7598248c5d24452c832160a2503d344167242cafabc1dc3936e1a6065b281ae77	common_voice_hi_23795249.mp3	उसने हमसे बहुत देर तक इंतेज़ार करवाया।	2	0	twenties	male		hi	
c7c4e5ded1e6121c38594d1e3bbb5a49f1d269f96c2591f9e2d4da7cf5c9cdc7598248c5d24452c832160a2503d344167242cafabc1dc3936e1a6065b281ae77	common_voice_hi_23795250.mp3	बाएं मुड़ो और तुम्हें एक कैफ़े मिलेगा।	2	1	twenties	male		hi	
c7c4e5ded1e6121c38594d1e3bbb5a49f1d269f96c2591f9e2d4da7cf5c9cdc7598248c5d24452c832160a2503d344167242cafabc1dc3936e1a6065b281ae77	common_voice_hi_23795251.mp3	तुम्हारी साईकल मेरी साईकल जैसी है।	2	0	twenties	male		hi	
c7c4e5ded1e6121c38594d1e3bbb5a49f1d269f96c2591f9e2d4da7cf5c9cdc7598248c5d24452c832160a2503d344167242cafabc1dc3936e1a6065b281ae77	common_voice_hi_23795252.mp3	उसने मेरे खिलाफ़ हथियार उठाया।	2	1	twenties	male		hi	
c7c4e5ded1e6121c38594d1e3bbb5a49f1d269f96c2591f9e2d4da7cf5c9cdc7598248c5d24452c832160a2503d344167242cafabc1dc3936e1a6065b281ae77	common_voice_hi_23830498.mp3	तुम्हारे उठने का समय हो गया है।	2	1	twenties	male		hi	
c7c4e5ded1e6121c38594d1e3bbb5a49f1d269f96c2591f9e2d4da7cf5c9cdc7598248c5d24452c832160a2503d344167242cafabc1dc3936e1a6065b281ae77	common_voice_hi_23830499.mp3	शादी वादी के चक्करों में नहीं पड़ना फिलहाल: कंगना रनोट	2	0	twenties	male		hi	
c7c4e5ded1e6121c38594d1e3bbb5a49f1d269f96c2591f9e2d4da7cf5c9cdc7598248c5d24452c832160a2503d344167242cafabc1dc3936e1a6065b281ae77	common_voice_hi_23830501.mp3	"सिंगापुर को मलाय में ""सिंगापुरा"" कहते हैं।"	2	0	twenties	male		hi	
c7c4e5ded1e6121c38594d1e3bbb5a49f1d269f96c2591f9e2d4da7cf5c9cdc7598248c5d24452c832160a2503d344167242cafabc1dc3936e1a6065b281ae77	common_voice_hi_23830502.mp3	उस दुर्घटना ने पूरे स्कूल को सदमा पहुँचाया।	2	0	twenties	male		hi	
c7c4e5ded1e6121c38594d1e3bbb5a49f1d269f96c2591f9e2d4da7cf5c9cdc7598248c5d24452c832160a2503d344167242cafabc1dc3936e1a6065b281ae77	common_voice_hi_23830508.mp3	तुम्हें मेरी मदद चहिए क्या?	2	0	twenties	male		hi	
c7c4e5ded1e6121c38594d1e3bbb5a49f1d269f96c2591f9e2d4da7cf5c9cdc7598248c5d24452c832160a2503d344167242cafabc1dc3936e1a6065b281ae77	common_voice_hi_23830509.mp3	मैं होक्काईदो गया हुआ हूँ।	2	0	twenties	male		hi	
c7c4e5ded1e6121c38594d1e3bbb5a49f1d269f96c2591f9e2d4da7cf5c9cdc7598248c5d24452c832160a2503d344167242cafabc1dc3936e1a6065b281ae77	common_voice_hi_23830510.mp3	नीता अंबानी बनीं रिलायंस इंडस्ट्रीज की पहली महिला डायरेक्टर	2	0	twenties	male		hi	
c7c4e5ded1e6121c38594d1e3bbb5a49f1d269f96c2591f9e2d4da7cf5c9cdc7598248c5d24452c832160a2503d344167242cafabc1dc3936e1a6065b281ae77	common_voice_hi_23830511.mp3	तुमने असली हीरा कभी देखा ही नहीं है।	2	0	twenties	male		hi	
c7c4e5ded1e6121c38594d1e3bbb5a49f1d269f96c2591f9e2d4da7cf5c9cdc7598248c5d24452c832160a2503d344167242cafabc1dc3936e1a6065b281ae77	common_voice_hi_23830512.mp3	वह जहाँ भी जाए, वह कुत्ता उसके पीछे-पीछे जाता था।	2	0	twenties	male		hi	
c7c4e5ded1e6121c38594d1e3bbb5a49f1d269f96c2591f9e2d4da7cf5c9cdc7598248c5d24452c832160a2503d344167242cafabc1dc3936e1a6065b281ae77	common_voice_hi_23830513.mp3	वह अमीर है हो है पर कंजूस भी है।	2	0	twenties	male		hi	
c7c4e5ded1e6121c38594d1e3bbb5a49f1d269f96c2591f9e2d4da7cf5c9cdc7598248c5d24452c832160a2503d344167242cafabc1dc3936e1a6065b281ae77	common_voice_hi_23830514.mp3	गुजरात सरकार से नाराज आदिवासी समाज, मंत्री की गाड़ी पर बरसाए पत्थर	2	0	twenties	male		hi	
c7c4e5ded1e6121c38594d1e3bbb5a49f1d269f96c2591f9e2d4da7cf5c9cdc7598248c5d24452c832160a2503d344167242cafabc1dc3936e1a6065b281ae77	common_voice_hi_23830515.mp3	मैं डरा हुआ था।	2	1	twenties	male		hi	
c7c4e5ded1e6121c38594d1e3bbb5a49f1d269f96c2591f9e2d4da7cf5c9cdc7598248c5d24452c832160a2503d344167242cafabc1dc3936e1a6065b281ae77	common_voice_hi_23830516.mp3	अच्छी वाली दो।	2	0	twenties	male		hi	
c7c4e5ded1e6121c38594d1e3bbb5a49f1d269f96c2591f9e2d4da7cf5c9cdc7598248c5d24452c832160a2503d344167242cafabc1dc3936e1a6065b281ae77	common_voice_hi_23830517.mp3	आपका स्वागत है।	2	0	twenties	male		hi	
c7c4e5ded1e6121c38594d1e3bbb5a49f1d269f96c2591f9e2d4da7cf5c9cdc7598248c5d24452c832160a2503d344167242cafabc1dc3936e1a6065b281ae77	common_voice_hi_23830518.mp3	टॉम ने सब कुछ कर दिया।	2	0	twenties	male		hi	
c7c4e5ded1e6121c38594d1e3bbb5a49f1d269f96c2591f9e2d4da7cf5c9cdc7598248c5d24452c832160a2503d344167242cafabc1dc3936e1a6065b281ae77	common_voice_hi_23830519.mp3	वह मुझे भारत के बारे में कहानियाँ सुनाया करता था।	2	0	twenties	male		hi	
c7c4e5ded1e6121c38594d1e3bbb5a49f1d269f96c2591f9e2d4da7cf5c9cdc7598248c5d24452c832160a2503d344167242cafabc1dc3936e1a6065b281ae77	common_voice_hi_23830520.mp3	मेरा नाम जेम्स है।	2	0	twenties	male		hi	
c7c4e5ded1e6121c38594d1e3bbb5a49f1d269f96c2591f9e2d4da7cf5c9cdc7598248c5d24452c832160a2503d344167242cafabc1dc3936e1a6065b281ae77	common_voice_hi_23830521.mp3	अगले साल मैं हवाई जा रहा हूँ।	2	0	twenties	male		hi	
c7c4e5ded1e6121c38594d1e3bbb5a49f1d269f96c2591f9e2d4da7cf5c9cdc7598248c5d24452c832160a2503d344167242cafabc1dc3936e1a6065b281ae77	common_voice_hi_23830522.mp3	उसने अपनी पत्नी को उसे सुबह सात बजे उठाने की बात का याद दिलाया।	2	0	twenties	male		hi	
c7c4e5ded1e6121c38594d1e3bbb5a49f1d269f96c2591f9e2d4da7cf5c9cdc7598248c5d24452c832160a2503d344167242cafabc1dc3936e1a6065b281ae77	common_voice_hi_23830523.mp3	अनिल कपूर-बॉबी देओल का ब्रोमांस देख शरमा गए सलमान, वीडियो वायरल	2	0	twenties	male		hi	
c7c4e5ded1e6121c38594d1e3bbb5a49f1d269f96c2591f9e2d4da7cf5c9cdc7598248c5d24452c832160a2503d344167242cafabc1dc3936e1a6065b281ae77	common_voice_hi_23830524.mp3	बीजेपी में आज शामिल होंगे भुवनेश्वर कलिता और जी विवेकानंद	2	0	twenties	male		hi	
c7c4e5ded1e6121c38594d1e3bbb5a49f1d269f96c2591f9e2d4da7cf5c9cdc7598248c5d24452c832160a2503d344167242cafabc1dc3936e1a6065b281ae77	common_voice_hi_23830525.mp3	घूमफिरकर बात मत करो, सीधे-सीधे बोलो।	2	0	twenties	male		hi	
c7c4e5ded1e6121c38594d1e3bbb5a49f1d269f96c2591f9e2d4da7cf5c9cdc7598248c5d24452c832160a2503d344167242cafabc1dc3936e1a6065b281ae77	common_voice_hi_23830526.mp3	आप उस रात कहाँ थे?	2	0	twenties	male		hi	
c7c4e5ded1e6121c38594d1e3bbb5a49f1d269f96c2591f9e2d4da7cf5c9cdc7598248c5d24452c832160a2503d344167242cafabc1dc3936e1a6065b281ae77	common_voice_hi_23830527.mp3	जल्दी ही, टेरा पर केवल तीन विशाल देश रह गये थे।	2	1	twenties	male		hi	
c7c4e5ded1e6121c38594d1e3bbb5a49f1d269f96c2591f9e2d4da7cf5c9cdc7598248c5d24452c832160a2503d344167242cafabc1dc3936e1a6065b281ae77	common_voice_hi_23832722.mp3	उसको तैरना नहीं आता।	2	0	twenties	male		hi	
c7c4e5ded1e6121c38594d1e3bbb5a49f1d269f96c2591f9e2d4da7cf5c9cdc7598248c5d24452c832160a2503d344167242cafabc1dc3936e1a6065b281ae77	common_voice_hi_23832723.mp3	बच्ची पर शिखर-विराट का ये पोस्ट पढ़ आप भी हो जाएंगे इमोशनल	2	0	twenties	male		hi	
c7c4e5ded1e6121c38594d1e3bbb5a49f1d269f96c2591f9e2d4da7cf5c9cdc7598248c5d24452c832160a2503d344167242cafabc1dc3936e1a6065b281ae77	common_voice_hi_23832724.mp3	ब्रिटेन में सिखायी जा रही है चीनी भाषा	2	0	twenties	male		hi	
c7c4e5ded1e6121c38594d1e3bbb5a49f1d269f96c2591f9e2d4da7cf5c9cdc7598248c5d24452c832160a2503d344167242cafabc1dc3936e1a6065b281ae77	common_voice_hi_23832725.mp3	जेम्स कैमेरन ने फ़िल्में बनाने का एक नया तरीका निर्माण किया।	2	0	twenties	male		hi	
c7c4e5ded1e6121c38594d1e3bbb5a49f1d269f96c2591f9e2d4da7cf5c9cdc7598248c5d24452c832160a2503d344167242cafabc1dc3936e1a6065b281ae77	common_voice_hi_23832726.mp3	"सोनम के संगीत से करीना गायब, करिश्मा-वरुण का 'तारीफां' पर डांस"	2	0	twenties	male		hi	
c7c4e5ded1e6121c38594d1e3bbb5a49f1d269f96c2591f9e2d4da7cf5c9cdc7598248c5d24452c832160a2503d344167242cafabc1dc3936e1a6065b281ae77	common_voice_hi_23832732.mp3	पत्र किसने लिखा?	2	0	twenties	male		hi	
c7c4e5ded1e6121c38594d1e3bbb5a49f1d269f96c2591f9e2d4da7cf5c9cdc7598248c5d24452c832160a2503d344167242cafabc1dc3936e1a6065b281ae77	common_voice_hi_23832733.mp3	कई ऐतिहासिक फैसलों के साक्षी रहे अरुण जेटली, अब मंत्रिमंडल में खलेगी कमी	2	0	twenties	male		hi	
c7c4e5ded1e6121c38594d1e3bbb5a49f1d269f96c2591f9e2d4da7cf5c9cdc7598248c5d24452c832160a2503d344167242cafabc1dc3936e1a6065b281ae77	common_voice_hi_23832734.mp3	टॉम ने नीले कपड़े पहन रखे थे।	2	0	twenties	male		hi	
c7c4e5ded1e6121c38594d1e3bbb5a49f1d269f96c2591f9e2d4da7cf5c9cdc7598248c5d24452c832160a2503d344167242cafabc1dc3936e1a6065b281ae77	common_voice_hi_23832735.mp3	मुझे बच्चे को सुलाना है।	2	0	twenties	male		hi	
c7c4e5ded1e6121c38594d1e3bbb5a49f1d269f96c2591f9e2d4da7cf5c9cdc7598248c5d24452c832160a2503d344167242cafabc1dc3936e1a6065b281ae77	common_voice_hi_23832736.mp3	लोग कहते हैं कि इस घर में भूत हैं।	2	0	twenties	male		hi	
c7c4e5ded1e6121c38594d1e3bbb5a49f1d269f96c2591f9e2d4da7cf5c9cdc7598248c5d24452c832160a2503d344167242cafabc1dc3936e1a6065b281ae77	common_voice_hi_23832737.mp3	मैं तुमसे नहीं बोलती!	2	0	twenties	male		hi	
c7c4e5ded1e6121c38594d1e3bbb5a49f1d269f96c2591f9e2d4da7cf5c9cdc7598248c5d24452c832160a2503d344167242cafabc1dc3936e1a6065b281ae77	common_voice_hi_23832738.mp3	मैं अपनी वर्तमान आमदनी से संतुष्ट हूँ।	2	0	twenties	male		hi	
c7c4e5ded1e6121c38594d1e3bbb5a49f1d269f96c2591f9e2d4da7cf5c9cdc7598248c5d24452c832160a2503d344167242cafabc1dc3936e1a6065b281ae77	common_voice_hi_23832739.mp3	सिगरेट के लिए एक व्यक्ति की हत्या करने वाले युवक को आजीवन कारावास	2	0	twenties	male		hi	
c7c4e5ded1e6121c38594d1e3bbb5a49f1d269f96c2591f9e2d4da7cf5c9cdc7598248c5d24452c832160a2503d344167242cafabc1dc3936e1a6065b281ae77	common_voice_hi_23832740.mp3	ठाकरे निधन: टैक्सी, ऑटो सेवा रहेगी बंद	2	0	twenties	male		hi	
c7c4e5ded1e6121c38594d1e3bbb5a49f1d269f96c2591f9e2d4da7cf5c9cdc7598248c5d24452c832160a2503d344167242cafabc1dc3936e1a6065b281ae77	common_voice_hi_23832741.mp3	कूड़े का ढेर बना देहरादून, सफाई कर्मियों की हड़ताल से चारों ओर गंदगी	2	0	twenties	male		hi	
c7c4e5ded1e6121c38594d1e3bbb5a49f1d269f96c2591f9e2d4da7cf5c9cdc7598248c5d24452c832160a2503d344167242cafabc1dc3936e1a6065b281ae77	common_voice_hi_23839863.mp3	टॉम ने तुम्हें क्यों बताया?	2	0	twenties	male		hi	
c7c4e5ded1e6121c38594d1e3bbb5a49f1d269f96c2591f9e2d4da7cf5c9cdc7598248c5d24452c832160a2503d344167242cafabc1dc3936e1a6065b281ae77	common_voice_hi_23839864.mp3	उन्होंने दरवाज़ा खोला.	2	0	twenties	male		hi	
c7c4e5ded1e6121c38594d1e3bbb5a49f1d269f96c2591f9e2d4da7cf5c9cdc7598248c5d24452c832160a2503d344167242cafabc1dc3936e1a6065b281ae77	common_voice_hi_23839865.mp3	बीजेपी संसदीय दल की बैठक आज, सांसदों को दी जा सकती है नसीहत	2	0	twenties	male		hi	
c7c4e5ded1e6121c38594d1e3bbb5a49f1d269f96c2591f9e2d4da7cf5c9cdc7598248c5d24452c832160a2503d344167242cafabc1dc3936e1a6065b281ae77	common_voice_hi_23839866.mp3	फूल खिलते हैं।	2	0	twenties	male		hi	
c7c4e5ded1e6121c38594d1e3bbb5a49f1d269f96c2591f9e2d4da7cf5c9cdc7598248c5d24452c832160a2503d344167242cafabc1dc3936e1a6065b281ae77	common_voice_hi_23839867.mp3	इस महीने दो हत्याएँ हुईं हैं।	2	0	twenties	male		hi	
c7c4e5ded1e6121c38594d1e3bbb5a49f1d269f96c2591f9e2d4da7cf5c9cdc7598248c5d24452c832160a2503d344167242cafabc1dc3936e1a6065b281ae77	common_voice_hi_23839869.mp3	Film Wrap: आयुष्मान-विक्की को नेशनल अवॉर्ड, नो मेकअप लुक में हिना ट्रोल	2	0	twenties	male		hi	
c7c4e5ded1e6121c38594d1e3bbb5a49f1d269f96c2591f9e2d4da7cf5c9cdc7598248c5d24452c832160a2503d344167242cafabc1dc3936e1a6065b281ae77	common_voice_hi_23839870.mp3	काश मुझे तैरना आता।	2	0	twenties	male		hi	
c7c4e5ded1e6121c38594d1e3bbb5a49f1d269f96c2591f9e2d4da7cf5c9cdc7598248c5d24452c832160a2503d344167242cafabc1dc3936e1a6065b281ae77	common_voice_hi_23839871.mp3	विमान दुर्घटना ने दो सौ लोगों की जानें लें लीं।	2	0	twenties	male		hi	
c7c4e5ded1e6121c38594d1e3bbb5a49f1d269f96c2591f9e2d4da7cf5c9cdc7598248c5d24452c832160a2503d344167242cafabc1dc3936e1a6065b281ae77	common_voice_hi_23839872.mp3	तुम पुर्त्तगाल में रहते हो या ब्राज़ील में?	2	0	twenties	male		hi	
46f23ae11e8565e979749342e1097a77fe3ef574253f10323351763c97b22c07b42362b03c576fa1d45361cede36368bbd6b9325f1f93cd2b8ed161a560ece2a	common_voice_hi_23847549.mp3	उसने तस्वीर को देखा।	2	0	twenties	male		hi	
46f23ae11e8565e979749342e1097a77fe3ef574253f10323351763c97b22c07b42362b03c576fa1d45361cede36368bbd6b9325f1f93cd2b8ed161a560ece2a	common_voice_hi_23847550.mp3	क्या पहनने वाली हो?	2	0	twenties	male		hi	
46f23ae11e8565e979749342e1097a77fe3ef574253f10323351763c97b22c07b42362b03c576fa1d45361cede36368bbd6b9325f1f93cd2b8ed161a560ece2a	common_voice_hi_23847551.mp3	मैं अपने काम से थक चुका हूँ।	2	0	twenties	male		hi	
46f23ae11e8565e979749342e1097a77fe3ef574253f10323351763c97b22c07b42362b03c576fa1d45361cede36368bbd6b9325f1f93cd2b8ed161a560ece2a	common_voice_hi_23847552.mp3	क्या मुझे बता सकते हो कि मशीन को कब बंद करना है?	2	0	twenties	male		hi	
46f23ae11e8565e979749342e1097a77fe3ef574253f10323351763c97b22c07b42362b03c576fa1d45361cede36368bbd6b9325f1f93cd2b8ed161a560ece2a	common_voice_hi_23847553.mp3	वे सब के सब भूखे हैं।	2	0	twenties	male		hi	
46f23ae11e8565e979749342e1097a77fe3ef574253f10323351763c97b22c07b42362b03c576fa1d45361cede36368bbd6b9325f1f93cd2b8ed161a560ece2a	common_voice_hi_23847594.mp3	मैं तुम्हारे जितना लम्बा हूँ।	2	0	twenties	male		hi	
46f23ae11e8565e979749342e1097a77fe3ef574253f10323351763c97b22c07b42362b03c576fa1d45361cede36368bbd6b9325f1f93cd2b8ed161a560ece2a	common_voice_hi_23847595.mp3	आदमी सत्तर प्रतिशत पानी का बना हुआ है।	2	0	twenties	male		hi	
46f23ae11e8565e979749342e1097a77fe3ef574253f10323351763c97b22c07b42362b03c576fa1d45361cede36368bbd6b9325f1f93cd2b8ed161a560ece2a	common_voice_hi_23847596.mp3	टॉम काफी बदसूरत है।	2	0	twenties	male		hi	
46f23ae11e8565e979749342e1097a77fe3ef574253f10323351763c97b22c07b42362b03c576fa1d45361cede36368bbd6b9325f1f93cd2b8ed161a560ece2a	common_voice_hi_23847597.mp3	चिली: खदान में फंसे सभी श्रमिकों को निकाला गया	2	0	twenties	male		hi	
46f23ae11e8565e979749342e1097a77fe3ef574253f10323351763c97b22c07b42362b03c576fa1d45361cede36368bbd6b9325f1f93cd2b8ed161a560ece2a	common_voice_hi_23847598.mp3	मैं वापस आऊँगा।	2	0	twenties	male		hi	
46f23ae11e8565e979749342e1097a77fe3ef574253f10323351763c97b22c07b42362b03c576fa1d45361cede36368bbd6b9325f1f93cd2b8ed161a560ece2a	common_voice_hi_23849294.mp3	टीवी चालू कीजिए।	2	1	twenties	male		hi	
46f23ae11e8565e979749342e1097a77fe3ef574253f10323351763c97b22c07b42362b03c576fa1d45361cede36368bbd6b9325f1f93cd2b8ed161a560ece2a	common_voice_hi_23849295.mp3	तीन तलाक बिल के बाद महिला आरक्षण विधेयक पास होने के आसार	2	0	twenties	male		hi	
46f23ae11e8565e979749342e1097a77fe3ef574253f10323351763c97b22c07b42362b03c576fa1d45361cede36368bbd6b9325f1f93cd2b8ed161a560ece2a	common_voice_hi_23849296.mp3	घुटने की समस्या के कारण टेस्ट क्रिकेट से संन्यास पर विचार कर रहे गुल	2	0	twenties	male		hi	
46f23ae11e8565e979749342e1097a77fe3ef574253f10323351763c97b22c07b42362b03c576fa1d45361cede36368bbd6b9325f1f93cd2b8ed161a560ece2a	common_voice_hi_23849297.mp3	आखिर, आठ जनवरी को, ब्रिटिशों ने हमला किया।	2	0	twenties	male		hi	
46f23ae11e8565e979749342e1097a77fe3ef574253f10323351763c97b22c07b42362b03c576fa1d45361cede36368bbd6b9325f1f93cd2b8ed161a560ece2a	common_voice_hi_23849298.mp3	मैंने रातभर काम किया।	2	0	twenties	male		hi	
46f23ae11e8565e979749342e1097a77fe3ef574253f10323351763c97b22c07b42362b03c576fa1d45361cede36368bbd6b9325f1f93cd2b8ed161a560ece2a	common_voice_hi_23849299.mp3	आराम से आओ।	2	0	twenties	male		hi	
46f23ae11e8565e979749342e1097a77fe3ef574253f10323351763c97b22c07b42362b03c576fa1d45361cede36368bbd6b9325f1f93cd2b8ed161a560ece2a	common_voice_hi_23849300.mp3	वह बीमारी की वजह से बाहर नहीं जा सका।	2	0	twenties	male		hi	
46f23ae11e8565e979749342e1097a77fe3ef574253f10323351763c97b22c07b42362b03c576fa1d45361cede36368bbd6b9325f1f93cd2b8ed161a560ece2a	common_voice_hi_23849301.mp3	"ब्राज़ील को पुर्त्तगाली में ""ब्रासिल"" कहते हैं।"	2	0	twenties	male		hi	
46f23ae11e8565e979749342e1097a77fe3ef574253f10323351763c97b22c07b42362b03c576fa1d45361cede36368bbd6b9325f1f93cd2b8ed161a560ece2a	common_voice_hi_23849302.mp3	डॉक्टर ने उसे सिगरेट न पीने की सलह दी।	2	0	twenties	male		hi	
46f23ae11e8565e979749342e1097a77fe3ef574253f10323351763c97b22c07b42362b03c576fa1d45361cede36368bbd6b9325f1f93cd2b8ed161a560ece2a	common_voice_hi_23849303.mp3	नाओको तैरती है।	2	0	twenties	male		hi	
46f23ae11e8565e979749342e1097a77fe3ef574253f10323351763c97b22c07b42362b03c576fa1d45361cede36368bbd6b9325f1f93cd2b8ed161a560ece2a	common_voice_hi_23849304.mp3	क्या प्रश्न पूछा है!	2	0	twenties	male		hi	
46f23ae11e8565e979749342e1097a77fe3ef574253f10323351763c97b22c07b42362b03c576fa1d45361cede36368bbd6b9325f1f93cd2b8ed161a560ece2a	common_voice_hi_23849305.mp3	अगर मैं मूर्ख हूँ तो तुम भी हो।	2	0	twenties	male		hi	
46f23ae11e8565e979749342e1097a77fe3ef574253f10323351763c97b22c07b42362b03c576fa1d45361cede36368bbd6b9325f1f93cd2b8ed161a560ece2a	common_voice_hi_23849306.mp3	रामदेव पर हमले के पीछे आरएसएस: दिग्विजय	2	0	twenties	male		hi	
46f23ae11e8565e979749342e1097a77fe3ef574253f10323351763c97b22c07b42362b03c576fa1d45361cede36368bbd6b9325f1f93cd2b8ed161a560ece2a	common_voice_hi_23849307.mp3	मेरी पार्टी में जो भी आना चाहता है आ सकता है।	2	0	twenties	male		hi	
46f23ae11e8565e979749342e1097a77fe3ef574253f10323351763c97b22c07b42362b03c576fa1d45361cede36368bbd6b9325f1f93cd2b8ed161a560ece2a	common_voice_hi_23849308.mp3	गौतम गंभीर बने केकेआर के कप्तान	2	1	twenties	male		hi	
46f23ae11e8565e979749342e1097a77fe3ef574253f10323351763c97b22c07b42362b03c576fa1d45361cede36368bbd6b9325f1f93cd2b8ed161a560ece2a	common_voice_hi_23849309.mp3	ट्रेन हल्के से आकर रुकी।	2	0	twenties	male		hi	
46f23ae11e8565e979749342e1097a77fe3ef574253f10323351763c97b22c07b42362b03c576fa1d45361cede36368bbd6b9325f1f93cd2b8ed161a560ece2a	common_voice_hi_23849310.mp3	तो तुमसे नगद माँगता कौन है भाई	2	0	twenties	male		hi	
46f23ae11e8565e979749342e1097a77fe3ef574253f10323351763c97b22c07b42362b03c576fa1d45361cede36368bbd6b9325f1f93cd2b8ed161a560ece2a	common_voice_hi_23849311.mp3	आपने टॉम को कब बताया?	2	0	twenties	male		hi	
46f23ae11e8565e979749342e1097a77fe3ef574253f10323351763c97b22c07b42362b03c576fa1d45361cede36368bbd6b9325f1f93cd2b8ed161a560ece2a	common_voice_hi_23849312.mp3	मैं अंग्रेज़ी पढ़ा सकता हूँ।	2	0	twenties	male		hi	
46f23ae11e8565e979749342e1097a77fe3ef574253f10323351763c97b22c07b42362b03c576fa1d45361cede36368bbd6b9325f1f93cd2b8ed161a560ece2a	common_voice_hi_23849314.mp3	पूरी तरह खत्म नहीं हुई है वैश्विक मंदी: प्रणव	2	0	twenties	male		hi	
46f23ae11e8565e979749342e1097a77fe3ef574253f10323351763c97b22c07b42362b03c576fa1d45361cede36368bbd6b9325f1f93cd2b8ed161a560ece2a	common_voice_hi_23849315.mp3	तुम फिरसे चालू हो गए।	2	0	twenties	male		hi	
46f23ae11e8565e979749342e1097a77fe3ef574253f10323351763c97b22c07b42362b03c576fa1d45361cede36368bbd6b9325f1f93cd2b8ed161a560ece2a	common_voice_hi_23849316.mp3	प्रदूषण भी है क्राइम बढ़ने की वजह, बदल जाता है लोगों का व्यवहार	2	0	twenties	male		hi	
46f23ae11e8565e979749342e1097a77fe3ef574253f10323351763c97b22c07b42362b03c576fa1d45361cede36368bbd6b9325f1f93cd2b8ed161a560ece2a	common_voice_hi_23849317.mp3	टॉम कौन है जानते हो?	2	1	twenties	male		hi	
46f23ae11e8565e979749342e1097a77fe3ef574253f10323351763c97b22c07b42362b03c576fa1d45361cede36368bbd6b9325f1f93cd2b8ed161a560ece2a	common_voice_hi_23849318.mp3	कोबे वह शहर है जिसमें मैं पैदा हुआ था।	2	0	twenties	male		hi	
46f23ae11e8565e979749342e1097a77fe3ef574253f10323351763c97b22c07b42362b03c576fa1d45361cede36368bbd6b9325f1f93cd2b8ed161a560ece2a	common_voice_hi_23849319.mp3	मुझे तुम्हारे साथ जाना चाहिए था।	2	0	twenties	male		hi	
46f23ae11e8565e979749342e1097a77fe3ef574253f10323351763c97b22c07b42362b03c576fa1d45361cede36368bbd6b9325f1f93cd2b8ed161a560ece2a	common_voice_hi_23849320.mp3	तुम्हारी आँखें कहाँ हैं?	2	1	twenties	male		hi	
46f23ae11e8565e979749342e1097a77fe3ef574253f10323351763c97b22c07b42362b03c576fa1d45361cede36368bbd6b9325f1f93cd2b8ed161a560ece2a	common_voice_hi_23849321.mp3	वह थोड़ी देर में वापस आ रहा है।	2	0	twenties	male		hi	
46f23ae11e8565e979749342e1097a77fe3ef574253f10323351763c97b22c07b42362b03c576fa1d45361cede36368bbd6b9325f1f93cd2b8ed161a560ece2a	common_voice_hi_23849322.mp3	टॉम की है?	2	0	twenties	male		hi	
46f23ae11e8565e979749342e1097a77fe3ef574253f10323351763c97b22c07b42362b03c576fa1d45361cede36368bbd6b9325f1f93cd2b8ed161a560ece2a	common_voice_hi_23849323.mp3	पर वह बहुत ही अच्छे नसीब वाला था।	2	1	twenties	male		hi	
46f23ae11e8565e979749342e1097a77fe3ef574253f10323351763c97b22c07b42362b03c576fa1d45361cede36368bbd6b9325f1f93cd2b8ed161a560ece2a	common_voice_hi_23849346.mp3	मैंने उन्हें एक सोने की घड़ी दी।	2	0	twenties	male		hi	
46f23ae11e8565e979749342e1097a77fe3ef574253f10323351763c97b22c07b42362b03c576fa1d45361cede36368bbd6b9325f1f93cd2b8ed161a560ece2a	common_voice_hi_23849349.mp3	रसोईघर में।	2	0	twenties	male		hi	
46f23ae11e8565e979749342e1097a77fe3ef574253f10323351763c97b22c07b42362b03c576fa1d45361cede36368bbd6b9325f1f93cd2b8ed161a560ece2a	common_voice_hi_23849351.mp3	वह चाय बना रही है।	2	0	twenties	male		hi	
46f23ae11e8565e979749342e1097a77fe3ef574253f10323351763c97b22c07b42362b03c576fa1d45361cede36368bbd6b9325f1f93cd2b8ed161a560ece2a	common_voice_hi_23849352.mp3	सिलीगुड़ी पुलिस ने नहीं दी राहुल गांधी के हेलीकॉप्टर को उतरने की इजाजत	2	0	twenties	male		hi	
46f23ae11e8565e979749342e1097a77fe3ef574253f10323351763c97b22c07b42362b03c576fa1d45361cede36368bbd6b9325f1f93cd2b8ed161a560ece2a	common_voice_hi_23849353.mp3	तुम मुझे पाँच सौ येन उधार दे सकते हो क्या?	2	1	twenties	male		hi	
46f23ae11e8565e979749342e1097a77fe3ef574253f10323351763c97b22c07b42362b03c576fa1d45361cede36368bbd6b9325f1f93cd2b8ed161a560ece2a	common_voice_hi_23849359.mp3	बड़ी रात थी।	2	0	twenties	male		hi	
46f23ae11e8565e979749342e1097a77fe3ef574253f10323351763c97b22c07b42362b03c576fa1d45361cede36368bbd6b9325f1f93cd2b8ed161a560ece2a	common_voice_hi_23849360.mp3	"कूटशब्द ""Muriel"" है।"	2	1	twenties	male		hi	
46f23ae11e8565e979749342e1097a77fe3ef574253f10323351763c97b22c07b42362b03c576fa1d45361cede36368bbd6b9325f1f93cd2b8ed161a560ece2a	common_voice_hi_23849361.mp3	टॉम कलात्मक नहीं है।	2	0	twenties	male		hi	
46f23ae11e8565e979749342e1097a77fe3ef574253f10323351763c97b22c07b42362b03c576fa1d45361cede36368bbd6b9325f1f93cd2b8ed161a560ece2a	common_voice_hi_23849362.mp3	मुझे याकितोरी खाना बहुत पसंद है।	2	0	twenties	male		hi	
46f23ae11e8565e979749342e1097a77fe3ef574253f10323351763c97b22c07b42362b03c576fa1d45361cede36368bbd6b9325f1f93cd2b8ed161a560ece2a	common_voice_hi_23849363.mp3	मैंने टॉम को पहचाना नहीं।	2	0	twenties	male		hi	
46f23ae11e8565e979749342e1097a77fe3ef574253f10323351763c97b22c07b42362b03c576fa1d45361cede36368bbd6b9325f1f93cd2b8ed161a560ece2a	common_voice_hi_23849376.mp3	इस पेड़ पर फल नहीं लगते हैं।	2	0	twenties	male		hi	
46f23ae11e8565e979749342e1097a77fe3ef574253f10323351763c97b22c07b42362b03c576fa1d45361cede36368bbd6b9325f1f93cd2b8ed161a560ece2a	common_voice_hi_23849378.mp3	गृह राज्य मंत्री बोले- जामिया हिंसा के पीछे विदेशी ताकतों का साथ	2	0	twenties	male		hi	
46f23ae11e8565e979749342e1097a77fe3ef574253f10323351763c97b22c07b42362b03c576fa1d45361cede36368bbd6b9325f1f93cd2b8ed161a560ece2a	common_voice_hi_23849379.mp3	मेरे पास पैसे नहीं है, पर सपना है!	2	0	twenties	male		hi	
46f23ae11e8565e979749342e1097a77fe3ef574253f10323351763c97b22c07b42362b03c576fa1d45361cede36368bbd6b9325f1f93cd2b8ed161a560ece2a	common_voice_hi_23849380.mp3	मेरी प्यारी सी नन्ही सी बिल्ली एक हफ़्ते से गायब है।	2	0	twenties	male		hi	
46f23ae11e8565e979749342e1097a77fe3ef574253f10323351763c97b22c07b42362b03c576fa1d45361cede36368bbd6b9325f1f93cd2b8ed161a560ece2a	common_voice_hi_23852752.mp3	कितने सेब हैं?	2	0	twenties	male		hi	
46f23ae11e8565e979749342e1097a77fe3ef574253f10323351763c97b22c07b42362b03c576fa1d45361cede36368bbd6b9325f1f93cd2b8ed161a560ece2a	common_voice_hi_23852753.mp3	वे चाय बना रहे हैं।	2	0	twenties	male		hi	
46f23ae11e8565e979749342e1097a77fe3ef574253f10323351763c97b22c07b42362b03c576fa1d45361cede36368bbd6b9325f1f93cd2b8ed161a560ece2a	common_voice_hi_23852754.mp3	मैं इतनी महंगी किताब नहीं ख़रीद सकता।	2	0	twenties	male		hi	
46f23ae11e8565e979749342e1097a77fe3ef574253f10323351763c97b22c07b42362b03c576fa1d45361cede36368bbd6b9325f1f93cd2b8ed161a560ece2a	common_voice_hi_23852755.mp3	पुलिस को बुलाना चाहिए था।	2	0	twenties	male		hi	
46f23ae11e8565e979749342e1097a77fe3ef574253f10323351763c97b22c07b42362b03c576fa1d45361cede36368bbd6b9325f1f93cd2b8ed161a560ece2a	common_voice_hi_23852756.mp3	गुजरात डायरीः शौचालय बनवाने के लिए दो साल लड़ा दलित परिवार	2	0	twenties	male		hi	
46f23ae11e8565e979749342e1097a77fe3ef574253f10323351763c97b22c07b42362b03c576fa1d45361cede36368bbd6b9325f1f93cd2b8ed161a560ece2a	common_voice_hi_23852758.mp3	मैं तुम्हें एक तोहफ़ा दूँगा।	2	0	twenties	male		hi	
46f23ae11e8565e979749342e1097a77fe3ef574253f10323351763c97b22c07b42362b03c576fa1d45361cede36368bbd6b9325f1f93cd2b8ed161a560ece2a	common_voice_hi_23852759.mp3	मुजरे के इतिहास को बचाने की जद्दोजहद	2	0	twenties	male		hi	
46f23ae11e8565e979749342e1097a77fe3ef574253f10323351763c97b22c07b42362b03c576fa1d45361cede36368bbd6b9325f1f93cd2b8ed161a560ece2a	common_voice_hi_23852760.mp3	इस चाय को हरी चाय कहते हैं।	2	0	twenties	male		hi	
46f23ae11e8565e979749342e1097a77fe3ef574253f10323351763c97b22c07b42362b03c576fa1d45361cede36368bbd6b9325f1f93cd2b8ed161a560ece2a	common_voice_hi_23852761.mp3	हमारी मुलाकात ग़लती से हो गई।	2	0	twenties	male		hi	
46f23ae11e8565e979749342e1097a77fe3ef574253f10323351763c97b22c07b42362b03c576fa1d45361cede36368bbd6b9325f1f93cd2b8ed161a560ece2a	common_voice_hi_23852762.mp3	बारह बजने वाले हैं।	2	0	twenties	male		hi	
46f23ae11e8565e979749342e1097a77fe3ef574253f10323351763c97b22c07b42362b03c576fa1d45361cede36368bbd6b9325f1f93cd2b8ed161a560ece2a	common_voice_hi_23852763.mp3	ऐसा दिखता है अमिताभ बच्चन के घर का मंदिर...	2	0	twenties	male		hi	
46f23ae11e8565e979749342e1097a77fe3ef574253f10323351763c97b22c07b42362b03c576fa1d45361cede36368bbd6b9325f1f93cd2b8ed161a560ece2a	common_voice_hi_23852764.mp3	सिद्धार्थ मेरा अच्छा दोस्त है और हमेशा रहेगा: आलिया	2	0	twenties	male		hi	
46f23ae11e8565e979749342e1097a77fe3ef574253f10323351763c97b22c07b42362b03c576fa1d45361cede36368bbd6b9325f1f93cd2b8ed161a560ece2a	common_voice_hi_23852765.mp3	टॉम मैरी से शादी करना नहीं चाहता था।	2	0	twenties	male		hi	
46f23ae11e8565e979749342e1097a77fe3ef574253f10323351763c97b22c07b42362b03c576fa1d45361cede36368bbd6b9325f1f93cd2b8ed161a560ece2a	common_voice_hi_23852766.mp3	मैं मुसीबत के समय में हमेशा उसपर भरोसा करती हूँ।	2	0	twenties	male		hi	
46f23ae11e8565e979749342e1097a77fe3ef574253f10323351763c97b22c07b42362b03c576fa1d45361cede36368bbd6b9325f1f93cd2b8ed161a560ece2a	common_voice_hi_23852767.mp3	उसका निशाना बहुत अच्छा है।	2	0	twenties	male		hi	
46f23ae11e8565e979749342e1097a77fe3ef574253f10323351763c97b22c07b42362b03c576fa1d45361cede36368bbd6b9325f1f93cd2b8ed161a560ece2a	common_voice_hi_23852768.mp3	वह बिल को तैरने ले गया।	2	0	twenties	male		hi	
46f23ae11e8565e979749342e1097a77fe3ef574253f10323351763c97b22c07b42362b03c576fa1d45361cede36368bbd6b9325f1f93cd2b8ed161a560ece2a	common_voice_hi_23852769.mp3	मैं आज घर साफ़ करने के बजाय सैर करने जाऊँगी।	2	0	twenties	male		hi	
46f23ae11e8565e979749342e1097a77fe3ef574253f10323351763c97b22c07b42362b03c576fa1d45361cede36368bbd6b9325f1f93cd2b8ed161a560ece2a	common_voice_hi_23852770.mp3	बिहार में राहुल ने लालू से बनाई दूरी	2	0	twenties	male		hi	
46f23ae11e8565e979749342e1097a77fe3ef574253f10323351763c97b22c07b42362b03c576fa1d45361cede36368bbd6b9325f1f93cd2b8ed161a560ece2a	common_voice_hi_23852771.mp3	गोल्फ़ मेरे बस की बात नहीं है।	2	0	twenties	male		hi	
46f23ae11e8565e979749342e1097a77fe3ef574253f10323351763c97b22c07b42362b03c576fa1d45361cede36368bbd6b9325f1f93cd2b8ed161a560ece2a	common_voice_hi_23852772.mp3	आप अभी झूठ बोल रहे हो, है ना?	2	0	twenties	male		hi	
46f23ae11e8565e979749342e1097a77fe3ef574253f10323351763c97b22c07b42362b03c576fa1d45361cede36368bbd6b9325f1f93cd2b8ed161a560ece2a	common_voice_hi_23852773.mp3	टॉम के पास एक अच्छा सा कैमेरा है।	2	0	twenties	male		hi	
46f23ae11e8565e979749342e1097a77fe3ef574253f10323351763c97b22c07b42362b03c576fa1d45361cede36368bbd6b9325f1f93cd2b8ed161a560ece2a	common_voice_hi_23852774.mp3	मुझे बस घर ले चलो.	2	0	twenties	male		hi	
46f23ae11e8565e979749342e1097a77fe3ef574253f10323351763c97b22c07b42362b03c576fa1d45361cede36368bbd6b9325f1f93cd2b8ed161a560ece2a	common_voice_hi_23852775.mp3	इस बारिश में बाहर जाना एकदम सवाल के बाहर है।	2	0	twenties	male		hi	
46f23ae11e8565e979749342e1097a77fe3ef574253f10323351763c97b22c07b42362b03c576fa1d45361cede36368bbd6b9325f1f93cd2b8ed161a560ece2a	common_voice_hi_23852776.mp3	आप दोनों देख रहे हैं।	2	0	twenties	male		hi	
46f23ae11e8565e979749342e1097a77fe3ef574253f10323351763c97b22c07b42362b03c576fa1d45361cede36368bbd6b9325f1f93cd2b8ed161a560ece2a	common_voice_hi_23852777.mp3	मैं पिछले रविवार बाहर नहीं निकला था।	2	0	twenties	male		hi	
46f23ae11e8565e979749342e1097a77fe3ef574253f10323351763c97b22c07b42362b03c576fa1d45361cede36368bbd6b9325f1f93cd2b8ed161a560ece2a	common_voice_hi_23852778.mp3	बच्चे पतंग उड़ा रहे थे।	2	0	twenties	male		hi	
46f23ae11e8565e979749342e1097a77fe3ef574253f10323351763c97b22c07b42362b03c576fa1d45361cede36368bbd6b9325f1f93cd2b8ed161a560ece2a	common_voice_hi_23852779.mp3	उसे फ़्रानसीसी जर्मन से ज़्यादा अच्छी लगती है।	2	1	twenties	male		hi	
46f23ae11e8565e979749342e1097a77fe3ef574253f10323351763c97b22c07b42362b03c576fa1d45361cede36368bbd6b9325f1f93cd2b8ed161a560ece2a	common_voice_hi_23852780.mp3	अच्छा वाला दे दीजिए।	2	0	twenties	male		hi	
46f23ae11e8565e979749342e1097a77fe3ef574253f10323351763c97b22c07b42362b03c576fa1d45361cede36368bbd6b9325f1f93cd2b8ed161a560ece2a	common_voice_hi_23852791.mp3	तुम आज बिज़ी हो क्या?	2	1	twenties	male		hi	
46f23ae11e8565e979749342e1097a77fe3ef574253f10323351763c97b22c07b42362b03c576fa1d45361cede36368bbd6b9325f1f93cd2b8ed161a560ece2a	common_voice_hi_23852792.mp3	एक फ़ुकुओका में रहती है, और बाकी निइगाता में रहते हैं।	2	1	twenties	male		hi	
46f23ae11e8565e979749342e1097a77fe3ef574253f10323351763c97b22c07b42362b03c576fa1d45361cede36368bbd6b9325f1f93cd2b8ed161a560ece2a	common_voice_hi_23852793.mp3	पतंग के मांझे में फंसी दो पक्षियों की जिंदगी, दमकल विभाग ने किया रेस्क्यू	2	0	twenties	male		hi	
46f23ae11e8565e979749342e1097a77fe3ef574253f10323351763c97b22c07b42362b03c576fa1d45361cede36368bbd6b9325f1f93cd2b8ed161a560ece2a	common_voice_hi_23852794.mp3	जा और टॉम को बता।	2	0	twenties	male		hi	
46f23ae11e8565e979749342e1097a77fe3ef574253f10323351763c97b22c07b42362b03c576fa1d45361cede36368bbd6b9325f1f93cd2b8ed161a560ece2a	common_voice_hi_23852795.mp3	तुम अभी झूठ बोल रही हो, है ना?	2	0	twenties	male		hi	
46f23ae11e8565e979749342e1097a77fe3ef574253f10323351763c97b22c07b42362b03c576fa1d45361cede36368bbd6b9325f1f93cd2b8ed161a560ece2a	common_voice_hi_23852811.mp3	अच्छा वाला दे दो।	2	0	twenties	male		hi	
46f23ae11e8565e979749342e1097a77fe3ef574253f10323351763c97b22c07b42362b03c576fa1d45361cede36368bbd6b9325f1f93cd2b8ed161a560ece2a	common_voice_hi_23852812.mp3	वह भाग्यवान था।	2	0	twenties	male		hi	
46f23ae11e8565e979749342e1097a77fe3ef574253f10323351763c97b22c07b42362b03c576fa1d45361cede36368bbd6b9325f1f93cd2b8ed161a560ece2a	common_voice_hi_23852813.mp3	झारखंडः गैंगरेप के बाद नाबालिग को जिंदा जलाया, मौत	2	0	twenties	male		hi	
46f23ae11e8565e979749342e1097a77fe3ef574253f10323351763c97b22c07b42362b03c576fa1d45361cede36368bbd6b9325f1f93cd2b8ed161a560ece2a	common_voice_hi_23852814.mp3	कागज़ का आविष्कार चीन में किया गया था।	2	0	twenties	male		hi	
46f23ae11e8565e979749342e1097a77fe3ef574253f10323351763c97b22c07b42362b03c576fa1d45361cede36368bbd6b9325f1f93cd2b8ed161a560ece2a	common_voice_hi_23852815.mp3	छठ पर्व संपन्न, दिल्ली के घाटों पर फैली गंदगी	2	1	twenties	male		hi	
46f23ae11e8565e979749342e1097a77fe3ef574253f10323351763c97b22c07b42362b03c576fa1d45361cede36368bbd6b9325f1f93cd2b8ed161a560ece2a	common_voice_hi_23852883.mp3	तुम कब लौट कर आओगे?	2	0	twenties	male		hi	
46f23ae11e8565e979749342e1097a77fe3ef574253f10323351763c97b22c07b42362b03c576fa1d45361cede36368bbd6b9325f1f93cd2b8ed161a560ece2a	common_voice_hi_23852884.mp3	हमें सैनिकों की ज़रूरत है, राक्षसों की नहीं।	2	0	twenties	male		hi	
46f23ae11e8565e979749342e1097a77fe3ef574253f10323351763c97b22c07b42362b03c576fa1d45361cede36368bbd6b9325f1f93cd2b8ed161a560ece2a	common_voice_hi_23852885.mp3	उसने मुझसे जल्द-से-जल्द उत्तर देने के लिए कहा।	2	0	twenties	male		hi	
46f23ae11e8565e979749342e1097a77fe3ef574253f10323351763c97b22c07b42362b03c576fa1d45361cede36368bbd6b9325f1f93cd2b8ed161a560ece2a	common_voice_hi_23852886.mp3	तुम्हारी दीदी कैसी है?	2	0	twenties	male		hi	
46f23ae11e8565e979749342e1097a77fe3ef574253f10323351763c97b22c07b42362b03c576fa1d45361cede36368bbd6b9325f1f93cd2b8ed161a560ece2a	common_voice_hi_23852887.mp3	उसकी अंग्रेज़ी मेरी अंग्रेज़ी से अच्छी है।	2	0	twenties	male		hi	
